ASIN,buy_box_seller_name,buy_box_seller_price,lowest_price_seller_name,lowest_price_seller_price,seller_2_name,seller_2_price,seller_3_name,seller_3_price,seller_4_name,seller_4_price,seller_5_name,seller_5_price,seller_6_name,seller_6_price
B018HWHWNA,"
Cloudtail India",₹ 694.00,"
Cloudtail India",694,Visiaro India,"₹ 1,847.00",Industrial M,"₹ 1,847.00",,,,,,
B018HWI4AA,"
Cloudtail India",₹ 535.00,"
Cloudtail India",535,Visiaro India,"₹ 1,284.00",Industrial M,"₹ 1,284.00",,,,,,
B018VNUGHO,"
Visiaro India",₹ 200.00,"
Visiaro India",200,Industrial M,₹ 217.00,Cloudtail India,₹ 225.00,,,,,,
B018VNUI86,"
Cloudtail India",₹ 694.00,"
Cloudtail India",694,Visiaro India,"₹ 1,847.00",Industrial M,"₹ 1,847.00",,,,,,
B018VNUK02,"
Cloudtail India",₹ 535.00,"
Cloudtail India",535,Visiaro India,"₹ 1,284.00",Industrial M,"₹ 1,284.00",,,,,,
B018VNULUQ,"
Visiaro India",₹ 200.00,"
Visiaro India",200,Industrial M,₹ 217.00,Cloudtail India,₹ 225.00,,,,,,
B018VNUO3K,,,,,,,,,,,,,,
B018VNUQ2Y,,,,,,,,,,,,,,
B018VNUS2W,,,,,,,,,,,,,,
B018VNUTRG,,,,,,,,,,,,,,
B018VNUVKG,,,,,,,,,,,,,,
B018VNUX7W,,,,,,,,,,,,,,
B018VNUYLM,,,,,,,,,,,,,,
B018VNV0DI,,,,,,,,,,,,,,
B018VNV1DW,,,,,,,,,,,,,,
B018VNV29U,,,,,,,,,,,,,,
B018VNV40C,,,,,,,,,,,,,,
B018VNV57Y,,,,,,,,,,,,,,
B018VNV6NW,,,,,,,,,,,,,,
B018VNV82G,,,,,,,,,,,,,,
B018VNV9BG,,,,,,,,,,,,,,
B018VNVAQA,,,,,,,,,,,,,,
B018VNVC6S,,,,,,,,,,,,,,
B018VNVFVU,,,,,,,,,,,,,,
B018VNVHJU,,,,,,,,,,,,,,
B018VNVL5K,,,,,,,,,,,,,,
B018VNVN2G,,,,,,,,,,,,,,
B018VNVPPG,,,,,,,,,,,,,,
B018VNVQVO,,,,,,,,,,,,,,
B018VNVTIO,,,,,,,,,,,,,,
B018VNVUTC,,,,,,,,,,,,,,
B018VNVYDY,,,,,,,,,,,,,,
B018VNXW8Y,,,,,,,,,,,,,,
B018VNXXI8,,,,,,,,,,,,,,
B018VNXYXC,,,,,,,,,,,,,,
B018VNY490,,,,,,,,,,,,,,
B018VNY5W6,,,,,,,,,,,,,,
B018VNY7NI,,,,,,,,,,,,,,
B018VNY936,,,,,,,,,,,,,,
B018VNYAFI,,,,,,,,,,,,,,
B018VNYBP2,,,,,,,,,,,,,,
B018VNYD4G,,,,,,,,,,,,,,
B018VNYEMW,,,,,,,,,,,,,,
B018VNYG8O,,,,,,,,,,,,,,
B018VNYIL4,,,,,,,,,,,,,,
B018VNYJUY,,,,,,,,,,,,,,
B018VNYLFC,,,,,,,,,,,,,,
B018VNYMMY,,,,,,,,,,,,,,
B018VNYNYQ,,,,,,,,,,,,,,
B018VNYPZ8,,,,,,,,,,,,,,
B018VNYUJE,,,,,,,,,,,,,,
B018VNYZ9Y,,,,,,,,,,,,,,
B018VNZ19C,,,,,,,,,,,,,,
B018VNZ53O,,,,,,,,,,,,,,
B018VNZ6T2,,,,,,,,,,,,,,
B018VNZAF2,,,,,,,,,,,,,,
B018VNZI4K,,,,,,,,,,,,,,
B018VNZPG6,,,,,,,,,,,,,,
B018VNZSOK,,,,,,,,,,,,,,
B018VNZYP8,,,,,,,,,,,,,,
B018VO00I8,,,,,,,,,,,,,,
B018VO02T0,,,,,,,,,,,,,,
B018VO04TI,,,,,,,,,,,,,,
B018VO06QE,,,,,,,,,,,,,,
B018VO08YE,,,,,,,,,,,,,,
B018VO0B8W,,,,,,,,,,,,,,
B018VO0D9E,,,,,,,,,,,,,,
B018VO0HQ8,,,,,,,,,,,,,,
B018VO0KBU,,,,,,,,,,,,,,
B018VO0OR0,,,,,,,,,,,,,,
B018VO0V5U,,,,,,,,,,,,,,
B018VO0X6C,,,,,,,,,,,,,,
B019WS0WJE,,,,,,,,,,,,,,
B01N22LSG5,,,,,,,,,,,,,,
B07F7JSR3C,,,,,,,,,,,,,,
B07NN5C3SG,,,,,,,,,,,,,,
B07NN7H1RR,,,,,,,,,,,,,,
B07NN9WD7V,,,,,,,,,,,,,,
B07NNB68RJ,,,,,,,,,,,,,,
B07NNND1KC,,,,,,,,,,,,,,
B07RQVGXDR,,,,,,,,,,,,,,
B07RQVH1WK,,,,,,,,,,,,,,
B07RQVH2WM,,,,,,,,,,,,,,
B07RQVH37L,,,,,,,,,,,,,,
B07RQVH7CQ,,,,,,,,,,,,,,
B07RQVHDKD,,,,,,,,,,,,,,
B07RQVHH14,,,,,,,,,,,,,,
B07RQVHHQ8,,,,,,,,,,,,,,
B07RQVHKLZ,,,,,,,,,,,,,,
B07RQVHM8F,,,,,,,,,,,,,,
B07RQVHMMC,,,,,,,,,,,,,,
B07RQVHMT6,,,,,,,,,,,,,,
B07RQVHMT7,,,,,,,,,,,,,,
B07RQVHS3P,,,,,,,,,,,,,,
B07RQVHSPH,,,,,,,,,,,,,,
B07RQVHTK7,,,,,,,,,,,,,,
B07RQVHY6Y,,,,,,,,,,,,,,
B07RQVJ1TQ,,,,,,,,,,,,,,
B07RQVJ4QN,,,,,,,,,,,,,,
B07RQVJ7JX,,,,,,,,,,,,,,
B07RQVJ8MZ,,,,,,,,,,,,,,
B07RQVJCBF,,,,,,,,,,,,,,
B07RQVJGDV,,,,,,,,,,,,,,
B07RQVJGRM,,,,,,,,,,,,,,
B07RRXHQV1,,,,,,,,,,,,,,
B07RRYGGTX,,,,,,,,,,,,,,
B07RRYH6BX,,,,,,,,,,,,,,
B07RRYHCSB,,,,,,,,,,,,,,
B07RRYJCPL,,,,,,,,,,,,,,
B07RRYJDZ1,,,,,,,,,,,,,,
B07RRYJKM2,,,,,,,,,,,,,,
B07RRYJRVK,,,,,,,,,,,,,,
B07RRYJZLG,,,,,,,,,,,,,,
B07RRYK179,,,,,,,,,,,,,,
B07RRYK2N7,,,,,,,,,,,,,,
B07RRYK372,,,,,,,,,,,,,,
B07RRYK3C1,,,,,,,,,,,,,,
B07RRYK3C2,,,,,,,,,,,,,,
B07RRYK47N,,,,,,,,,,,,,,
B07RRYKBCJ,,,,,,,,,,,,,,
B07RRYKC5V,,,,,,,,,,,,,,
B07RRYKCLR,,,,,,,,,,,,,,
B07RRYKD2B,,,,,,,,,,,,,,
B07RRYKJDZ,,,,,,,,,,,,,,
B07RRYKL69,,,,,,,,,,,,,,
B07RRYKL6D,,,,,,,,,,,,,,
B07RRYKNX6,,,,,,,,,,,,,,
B07RRYKV9P,,,,,,,,,,,,,,
B07RRYKYN2,,,,,,,,,,,,,,
B07RRYL15Z,,,,,,,,,,,,,,
B07RRYL2B5,,,,,,,,,,,,,,
B07RSWT87Q,,,,,,,,,,,,,,
B07RSX4RL4,,,,,,,,,,,,,,
B07RSX6VFK,,,,,,,,,,,,,,
B07RSXD1P1,,,,,,,,,,,,,,
B07RSXL6NB,,,,,,,,,,,,,,
B07RSXL6NC,,,,,,,,,,,,,,
B07RSXQNV3,,,,,,,,,,,,,,
B07RSY43VK,,,,,,,,,,,,,,
B07RSY5F9W,,,,,,,,,,,,,,
B07RSY94ZP,,,,,,,,,,,,,,
B07RSYFMVF,,,,,,,,,,,,,,
B07RSYHRRC,,,,,,,,,,,,,,
B07RSYKYWJ,,,,,,,,,,,,,,
B07RSYQK4L,,,,,,,,,,,,,,
B07RSYR8VL,,,,,,,,,,,,,,
B07RSYWH4Q,,,,,,,,,,,,,,
B07RSYX74K,,,,,,,,,,,,,,
B07RSYY6G4,,,,,,,,,,,,,,
B07RSZ27B4,,,,,,,,,,,,,,
B07RSZ8SZX,,,,,,,,,,,,,,
B07RSZ8SZZ,,,,,,,,,,,,,,
B07RSZD7W8,,,,,,,,,,,,,,
B07RSZHZRQ,,,,,,,,,,,,,,
B07RSZL3QQ,,,,,,,,,,,,,,
B07RSZNJ9P,,,,,,,,,,,,,,
B07RSZNXGT,,,,,,,,,,,,,,
B07RSZS1JH,,,,,,,,,,,,,,
B07RSZZSML,,,,,,,,,,,,,,
B07RT138BP,,,,,,,,,,,,,,
B07RT183Q4,,,,,,,,,,,,,,
B07RT187XN,,,,,,,,,,,,,,
B07RT1DCTD,,,,,,,,,,,,,,
B07RT1DQ96,,,,,,,,,,,,,,
B07RT1G72D,,,,,,,,,,,,,,
B07RT1GDG4,,,,,,,,,,,,,,
B07RT1H39J,,,,,,,,,,,,,,
B07RT1JJRH,,,,,,,,,,,,,,
B07RT1L2QN,,,,,,,,,,,,,,
B07RT1LC4N,,,,,,,,,,,,,,
B07RT1LSKK,,,,,,,,,,,,,,
B07RT1M4SF,,,,,,,,,,,,,,
B07RT1MY8R,,,,,,,,,,,,,,
B07RT1N1FY,,,,,,,,,,,,,,
B07RT1N365,,,,,,,,,,,,,,
B07RT1N3MZ,,,,,,,,,,,,,,
B07RT1N3N1,,,,,,,,,,,,,,
B07RT1N547,,,,,,,,,,,,,,
B07RT1N548,,,,,,,,,,,,,,
B07RT1N6FY,,,,,,,,,,,,,,
B07RT1NGRK,,,,,,,,,,,,,,
B07RT1NTR4,,,,,,,,,,,,,,
B07RV2F87H,,,,,,,,,,,,,,
B07RV2X4XD,,,,,,,,,,,,,,
B07RV3329J,,,,,,,,,,,,,,
B07RV358CL,,,,,,,,,,,,,,
B07RV35DWC,,,,,,,,,,,,,,
B07RV35FXC,,,,,,,,,,,,,,
B07RV36GZ4,,,,,,,,,,,,,,
B07RV37Q7B,,,,,,,,,,,,,,
B07RV38CV7,,,,,,,,,,,,,,
B07RV39DV4,,,,,,,,,,,,,,
B07RV3B75V,,,,,,,,,,,,,,
B07RV3B75X,,,,,,,,,,,,,,
B07RV3B7ZV,,,,,,,,,,,,,,
B07RV3CGQX,,,,,,,,,,,,,,
B07RV3D46B,,,,,,,,,,,,,,
B07RV3GBFC,,,,,,,,,,,,,,
B07RV3JJ9S,,,,,,,,,,,,,,
B07RV3JXY8,,,,,,,,,,,,,,
B07RV3L8QM,,,,,,,,,,,,,,
B07RV3L8QN,,,,,,,,,,,,,,
B07RV3MLB8,,,,,,,,,,,,,,
B07RV3NK3V,,,,,,,,,,,,,,
B07RV3SJ4S,,,,,,,,,,,,,,
B07RV3TG4X,,,,,,,,,,,,,,
B07RV3V1QD,,,,,,,,,,,,,,
B07RV3VTSN,,,,,,,,,,,,,,
B07RV3XLG5,,,,,,,,,,,,,,
B07RV3YNW6,,,,,,,,,,,,,,
B07RV3Z99T,,,,,,,,,,,,,,
B07RV41DDZ,,,,,,,,,,,,,,
B07RV42PJZ,,,,,,,,,,,,,,
B07RV43CCJ,,,,,,,,,,,,,,
B07RV465F8,,,,,,,,,,,,,,
B07RV496F9,,,,,,,,,,,,,,
B07RV49GF8,,,,,,,,,,,,,,
B07RV49MBM,,,,,,,,,,,,,,
B07RV4BWGL,,,,,,,,,,,,,,
B07RV4DTRT,,,,,,,,,,,,,,
B07RV4GG82,,,,,,,,,,,,,,
B07RV4JJPB,,,,,,,,,,,,,,
B07RV4MSJQ,,,,,,,,,,,,,,
B07RV4P51P,,,,,,,,,,,,,,
B07RV4SHVH,,,,,,,,,,,,,,
B07RV59WMX,,,,,,,,,,,,,,
B07RV5M17F,,,,,,,,,,,,,,
B07RV5NYFN,,,,,,,,,,,,,,
B07RV5SBW1,,,,,,,,,,,,,,
B07RV5T62F,,,,,,,,,,,,,,
B07RV6339J,,,,,,,,,,,,,,
B07RV6D8JP,,,,,,,,,,,,,,
B07RV6RW53,,,,,,,,,,,,,,
B07RV6RW54,,,,,,,,,,,,,,
B07RV6RW56,,,,,,,,,,,,,,
B07RW4BY6M,,,,,,,,,,,,,,
B07VKT56F2,,,,,,,,,,,,,,
B07VKT5FD8,,,,,,,,,,,,,,
B07VKT5K9L,,,,,,,,,,,,,,
B07VL93MSS,,,,,,,,,,,,,,
B07VL953LW,,,,,,,,,,,,,,
B07VL95NCF,,,,,,,,,,,,,,
B07VMDC3L7,,,,,,,,,,,,,,
B07VMFDRLQ,,,,,,,,,,,,,,
B07VMFFT7Q,,,,,,,,,,,,,,
B07VMFG7DJ,,,,,,,,,,,,,,
B07VPHCNZV,,,,,,,,,,,,,,
B07VPJ4CSY,,,,,,,,,,,,,,
B07VQKS6DW,,,,,,,,,,,,,,
B07W4RMMHG,,,,,,,,,,,,,,
B07W4RMY67,,,,,,,,,,,,,,
B07W4RNLQT,,,,,,,,,,,,,,
B07W5WM32V,,,,,,,,,,,,,,
B07W5WM6K9,,,,,,,,,,,,,,
B07W5WMCBS,,,,,,,,,,,,,,
B07W5WPGJP,,,,,,,,,,,,,,
B07W6X3JS2,,,,,,,,,,,,,,
B07W6X4N1Q,,,,,,,,,,,,,,
B07W6X6FJY,,,,,,,,,,,,,,
B07W6X6GCH,,,,,,,,,,,,,,
B07W81FK2Q,,,,,,,,,,,,,,
B07W81FKN3,,,,,,,,,,,,,,
B07W81FL8P,,,,,,,,,,,,,,
B07W81FND7,,,,,,,,,,,,,,
B07W81FSPN,,,,,,,,,,,,,,
B07W81G39K,,,,,,,,,,,,,,
B07W94QG51,,,,,,,,,,,,,,
B07W94THYK,,,,,,,,,,,,,,
B07W94V3Y7,,,,,,,,,,,,,,
B07WBZD9TK,,,,,,,,,,,,,,
B07WC1TFVT,,,,,,,,,,,,,,
B07WC277Q5,,,,,,,,,,,,,,
B07WC2X7KW,,,,,,,,,,,,,,
B07WH8FFPS,,,,,,,,,,,,,,
B07WJCHNLQ,,,,,,,,,,,,,,
B07WJCJ6NF,,,,,,,,,,,,,,
B07WJCJG1D,,,,,,,,,,,,,,
B07WJCJJ5B,,,,,,,,,,,,,,
B07WKH7JYT,,,,,,,,,,,,,,
B07WKH8J3D,,,,,,,,,,,,,,
B07WKH8T93,,,,,,,,,,,,,,
B07WKH96G5,,,,,,,,,,,,,,
B07WNBYJ8X,,,,,,,,,,,,,,
B07WNBYMZZ,,,,,,,,,,,,,,
B07WNP87FG,,,,,,,,,,,,,,
B07WQJ15HP,,,,,,,,,,,,,,
B07WQJ5H3P,,,,,,,,,,,,,,
B07WQJB2DW,,,,,,,,,,,,,,
B07WQJW4SW,,,,,,,,,,,,,,
B07WQK4NGG,,,,,,,,,,,,,,
B07WQK5PNC,,,,,,,,,,,,,,
B07WQKNBHS,,,,,,,,,,,,,,
B07WQKRP81,,,,,,,,,,,,,,
B07WQKX7XK,,,,,,,,,,,,,,
B07WQKZZSN,,,,,,,,,,,,,,
B07WQL3SRS,,,,,,,,,,,,,,
B07WQLMGF8,,,,,,,,,,,,,,
B07WQMMMXM,,,,,,,,,,,,,,
B07WQNT157,,,,,,,,,,,,,,
B07WR2MJWJ,,,,,,,,,,,,,,
B07WR2NXF9,,,,,,,,,,,,,,
B07WR2Q73F,,,,,,,,,,,,,,
B07WR2YHH1,,,,,,,,,,,,,,
B07WWV3PY7,,,,,,,,,,,,,,
B07X7R81KZ,,,,,,,,,,,,,,
B07X9GR432,,,,,,,,,,,,,,
B082SYJV87,,,,,,,,,,,,,,
B082SYNTWK,,,,,,,,,,,,,,
B082SYX2BJ,,,,,,,,,,,,,,
B082SZ1KF2,,,,,,,,,,,,,,
B082SZ38R5,,,,,,,,,,,,,,
B082SZ5NRQ,,,,,,,,,,,,,,
B082SZ64FZ,,,,,,,,,,,,,,
B082SZ7Z53,,,,,,,,,,,,,,
B082SZBP1D,,,,,,,,,,,,,,
B082SZCQJ4,,,,,,,,,,,,,,
B082SZFRVC,,,,,,,,,,,,,,
B082SZGHCX,,,,,,,,,,,,,,
B082SZVP1B,,,,,,,,,,,,,,
B082T14RVP,,,,,,,,,,,,,,
B082Z3J8L4,,,,,,,,,,,,,,
B082Z3LKHR,,,,,,,,,,,,,,
B082Z3W3CN,,,,,,,,,,,,,,
B082Z3X3CT,,,,,,,,,,,,,,
B082Z432MP,,,,,,,,,,,,,,
B082Z465WJ,,,,,,,,,,,,,,
B082Z47HJQ,,,,,,,,,,,,,,
B082Z492MK,,,,,,,,,,,,,,
B082Z4B4L1,,,,,,,,,,,,,,
B082Z4BS1W,,,,,,,,,,,,,,
B082Z4DDTR,,,,,,,,,,,,,,
B082Z4G6RW,,,,,,,,,,,,,,
B082Z4J7HS,,,,,,,,,,,,,,
B082Z4KNZ4,,,,,,,,,,,,,,
B082Z4L2VN,,,,,,,,,,,,,,
B082Z4L6H8,,,,,,,,,,,,,,
B082Z4P7S7,,,,,,,,,,,,,,
B082Z4S5Q4,,,,,,,,,,,,,,
B082Z4S6JX,,,,,,,,,,,,,,
B082Z4V61L,,,,,,,,,,,,,,
B082Z4WSN8,,,,,,,,,,,,,,
B082Z4WZKZ,,,,,,,,,,,,,,
B082Z4YFBP,,,,,,,,,,,,,,
B082Z4YXV5,,,,,,,,,,,,,,
B082Z4Z62W,,,,,,,,,,,,,,
B082Z4ZJ1B,,,,,,,,,,,,,,
B082Z56G82,,,,,,,,,,,,,,
B082Z5BWRM,,,,,,,,,,,,,,
B082Z5HCWK,,,,,,,,,,,,,,
B07DDDFPTM,,,,,,,,,,,,,,
B07DDD79YQ,,,,,,,,,,,,,,
B07DDC8ZSL,,,,,,,,,,,,,,
B07DDCYFTQ,,,,,,,,,,,,,,
B07DDBTPSW,,,,,,,,,,,,,,
B07DDDMF3C,,,,,,,,,,,,,,
B07DDDLMXQ,,,,,,,,,,,,,,
B07DDD9MG3,,,,,,,,,,,,,,
B07DDFHS39,,,,,,,,,,,,,,
B07DDD5TZR,,,,,,,,,,,,,,
B07DDDT7L7,,,,,,,,,,,,,,
B07DDDLQBB,,,,,,,,,,,,,,
B07DDCR57T,,,,,,,,,,,,,,
B07DDDFWKH,,,,,,,,,,,,,,
B07DDF8CXT,,,,,,,,,,,,,,
B07F7KFH3B,,,,,,,,,,,,,,
B07F7KQ4CQ,,,,,,,,,,,,,,
B07F7KYHZX,,,,,,,,,,,,,,
B08FLZ92FW,,,,,,,,,,,,,,
B08FLCKGC7,,,,,,,,,,,,,,
B08FKXPPK7,,,,,,,,,,,,,,
B075XBGD6H,,,,,,,,,,,,,,
B01B9R825C,,,,,,,,,,,,,,
B07P5FGS5M,,,,,,,,,,,,,,
B07P5DY4VJ,,,,,,,,,,,,,,
B07P572YJL,,,,,,,,,,,,,,
B07WCX1HJ8,,,,,,,,,,,,,,
B07P57J7VK,,,,,,,,,,,,,,
B01N4O8UV1,,,,,,,,,,,,,,
B07X8BZLGW,,,,,,,,,,,,,,
B07XBC5G6C,,,,,,,,,,,,,,
B07X9GR78Y,,,,,,,,,,,,,,
B08FM76TYM,,,,,,,,,,,,,,
B07HK1DGL7,,,,,,,,,,,,,,
B07HK2XDB1,,,,,,,,,,,,,,
B07HK2XMWC,,,,,,,,,,,,,,
B07HK37JJB,,,,,,,,,,,,,,
B07HK3KN9W,,,,,,,,,,,,,,
B07HK3RMPY,,,,,,,,,,,,,,
B07HK3SSF9,,,,,,,,,,,,,,
B07HK48TWX,,,,,,,,,,,,,,
B07HK4FWPB,,,,,,,,,,,,,,
B07HK4K5VY,,,,,,,,,,,,,,
B07HK4L17K,,,,,,,,,,,,,,
B07HK4T6Y1,,,,,,,,,,,,,,
B07HK4TFGF,,,,,,,,,,,,,,
B07HK4Y997,,,,,,,,,,,,,,
B07HK511QS,,,,,,,,,,,,,,
B07HK53KL7,,,,,,,,,,,,,,
B07HK53KLL,,,,,,,,,,,,,,
B07HK54MG3,,,,,,,,,,,,,,
B07HK57YWQ,,,,,,,,,,,,,,
B07HK5BD9B,,,,,,,,,,,,,,
B07HK5CM4N,,,,,,,,,,,,,,
B07HK5FRSG,,,,,,,,,,,,,,
B07HK5H3HF,,,,,,,,,,,,,,
B07HK5JQRB,,,,,,,,,,,,,,
B07HK5KWVF,,,,,,,,,,,,,,
B07HK5PLPB,,,,,,,,,,,,,,
B07HK5R1BF,,,,,,,,,,,,,,
B07HK5R2L3,,,,,,,,,,,,,,
B07HK5TXD3,,,,,,,,,,,,,,
B07HK5V224,,,,,,,,,,,,,,
B07HK5X1ND,,,,,,,,,,,,,,
B07HK62Y2N,,,,,,,,,,,,,,
B07HK63RW6,,,,,,,,,,,,,,
B07HK69P3Z,,,,,,,,,,,,,,
B07HK6D8JR,,,,,,,,,,,,,,
B07HK6FR31,,,,,,,,,,,,,,
B07HK6HNDL,,,,,,,,,,,,,,
B07HK6JPGJ,,,,,,,,,,,,,,
B07HK6RG5D,,,,,,,,,,,,,,
B07HK6SF5Z,,,,,,,,,,,,,,
B07HK6V4B5,,,,,,,,,,,,,,
B07HK6VDBH,,,,,,,,,,,,,,
B07HK6XZH9,,,,,,,,,,,,,,
B07HK6Z3BL,,,,,,,,,,,,,,
B07HK724JC,,,,,,,,,,,,,,
B07HK74XJ9,,,,,,,,,,,,,,
B07HK7R197,,,,,,,,,,,,,,
B07HK7T4VC,,,,,,,,,,,,,,
B07HK7WKJD,,,,,,,,,,,,,,
B07HK7Y8HW,,,,,,,,,,,,,,
B07HK81M2S,,,,,,,,,,,,,,
B07HK82ZNK,,,,,,,,,,,,,,
B07HK85PF8,,,,,,,,,,,,,,
B07HK8CXF2,,,,,,,,,,,,,,
B07HK8F7LP,,,,,,,,,,,,,,
B07HK8K3VK,,,,,,,,,,,,,,
B07HK8K9VP,,,,,,,,,,,,,,
B07HK8LN2C,,,,,,,,,,,,,,
B07HK8QLH3,,,,,,,,,,,,,,
B07HK8R5LW,,,,,,,,,,,,,,
B07HK8RVJP,,,,,,,,,,,,,,
B07HK8S3B7,,,,,,,,,,,,,,
B07HK9248Q,,,,,,,,,,,,,,
B07HK9249H,,,,,,,,,,,,,,
B07HK924L9,,,,,,,,,,,,,,
B07HK924TD,,,,,,,,,,,,,,
B07HK95K66,,,,,,,,,,,,,,
B07HK9S63K,,,,,,,,,,,,,,
B07HKB4M37,,,,,,,,,,,,,,
B07HKB6QYD,,,,,,,,,,,,,,
B07HKB837F,,,,,,,,,,,,,,
B07HKC79KW,,,,,,,,,,,,,,
B07HKCBHGV,,,,,,,,,,,,,,
B07HKCBPG7,,,,,,,,,,,,,,
B07HKCCTJK,,,,,,,,,,,,,,
B07HKCKFWX,,,,,,,,,,,,,,
B07HKCKFXY,,,,,,,,,,,,,,
B07HKDP38H,,,,,,,,,,,,,,
B07HKDPTB4,,,,,,,,,,,,,,
B07HKDPTCH,,,,,,,,,,,,,,
B07HKF369K,,,,,,,,,,,,,,
B07HKG3985,,,,,,,,,,,,,,
B07HKJHX4Q,,,,,,,,,,,,,,
B07HKKDHRS,,,,,,,,,,,,,,
B07HKKGGS4,,,,,,,,,,,,,,
B07J6F3H5D,,,,,,,,,,,,,,
B07J6GHKYL,,,,,,,,,,,,,,
B07J6GLSQX,,,,,,,,,,,,,,
B07J6HPJBL,,,,,,,,,,,,,,
B07J6HPJCF,,,,,,,,,,,,,,
B082L2YR4W,,,,,,,,,,,,,,
B082L3SX51,,,,,,,,,,,,,,
B082L44RWM,,,,,,,,,,,,,,
B082L33FDZ,,,,,,,,,,,,,,
B082L446VL,,,,,,,,,,,,,,
B082L2X3Z5,,,,,,,,,,,,,,
B082L3DYML,,,,,,,,,,,,,,
B082L2ZPNG,,,,,,,,,,,,,,
B082L31452,,,,,,,,,,,,,,
B082L3DKDR,,,,,,,,,,,,,,
B082L3DHBV,,,,,,,,,,,,,,
B07H7WN15P,,,,,,,,,,,,,,
B082L3DXNM,,,,,,,,,,,,,,
B07H7V37X8,,,,,,,,,,,,,,
B082L3D122,,,,,,,,,,,,,,
B082L3XDTH,,,,,,,,,,,,,,
B082L2V7J2,,,,,,,,,,,,,,
B07H7X9MG3,,,,,,,,,,,,,,
B082L31P4W,,,,,,,,,,,,,,
B082L47BX1,,,,,,,,,,,,,,
B082L3YX1R,,,,,,,,,,,,,,
B082L3J9PR,,,,,,,,,,,,,,
B07H7W7Z51,,,,,,,,,,,,,,
B082L1RW5S,,,,,,,,,,,,,,
B082L3NGYT,,,,,,,,,,,,,,
B07H8PLYNW,,,,,,,,,,,,,,
B07H7WTHKM,,,,,,,,,,,,,,
B082L3K43S,,,,,,,,,,,,,,
B082L3Y3M3,,,,,,,,,,,,,,
B07H7WLLYT,,,,,,,,,,,,,,
B082L3DMYR,,,,,,,,,,,,,,
B082L2YPM9,,,,,,,,,,,,,,
B082L2YVNZ,,,,,,,,,,,,,,
B082L3DK9B,,,,,,,,,,,,,,
B07RPK35F2,,,,,,,,,,,,,,
B07H7VJNN6,,,,,,,,,,,,,,
B082L46C8N,,,,,,,,,,,,,,
B082L3RV5Z,,,,,,,,,,,,,,
B082L37LZG,,,,,,,,,,,,,,
B07H7WPJX2,,,,,,,,,,,,,,
B07H7Y7CYW,,,,,,,,,,,,,,
B082L3YQZS,,,,,,,,,,,,,,
B082L3Y75T,,,,,,,,,,,,,,
B082L3PK53,,,,,,,,,,,,,,
B082L3YGBL,,,,,,,,,,,,,,
B082L4C3JQ,,,,,,,,,,,,,,
B082L2LNL2,,,,,,,,,,,,,,
B082L3W3Q9,,,,,,,,,,,,,,
B082L35B6C,,,,,,,,,,,,,,
B082L2YPMB,,,,,,,,,,,,,,
B082L3QVT5,,,,,,,,,,,,,,
B07RRLT866,,,,,,,,,,,,,,
B07H7VC7VS,,,,,,,,,,,,,,
B082L3G14P,,,,,,,,,,,,,,
B082L3PF61,,,,,,,,,,,,,,
B086LK4PTC,,,,,,,,,,,,,,
B082L483CM,,,,,,,,,,,,,,
B082L3PB2W,,,,,,,,,,,,,,
B082L39W7T,,,,,,,,,,,,,,
B082L3R7YH,,,,,,,,,,,,,,
B082L477FX,,,,,,,,,,,,,,
B082L49R2V,,,,,,,,,,,,,,
B07H7XX2FX,,,,,,,,,,,,,,
B07RNHBCB1,,,,,,,,,,,,,,
B082L3W8WB,,,,,,,,,,,,,,
B07H7KBPKD,,,,,,,,,,,,,,
B07RNH8BPH,,,,,,,,,,,,,,
B082L33K6M,,,,,,,,,,,,,,
B07H7WWXFG,,,,,,,,,,,,,,
B082L3GB9X,,,,,,,,,,,,,,
B07H7XQH1F,,,,,,,,,,,,,,
B082L47GD9,,,,,,,,,,,,,,
B082L39YM7,,,,,,,,,,,,,,
B07H7WZKBV,,,,,,,,,,,,,,
B086LJ1P74,,,,,,,,,,,,,,
B082L3FS64,,,,,,,,,,,,,,
B07H7Y3QKX,,,,,,,,,,,,,,
B082L3L1G1,,,,,,,,,,,,,,
B07H7WBLYS,,,,,,,,,,,,,,
B07H7XDXHS,,,,,,,,,,,,,,
B082L39TQC,,,,,,,,,,,,,,
B07RQHJGK3,,,,,,,,,,,,,,
B082L3P3NL,,,,,,,,,,,,,,
B086LJGFRY,,,,,,,,,,,,,,
B082L37KZC,,,,,,,,,,,,,,
B07RQHHFMJ,,,,,,,,,,,,,,
B07RPK28S6,,,,,,,,,,,,,,
B07H7XCT4Z,,,,,,,,,,,,,,
B07H7KPF9F,,,,,,,,,,,,,,
B082L3QKHC,,,,,,,,,,,,,,
B082L3KRHX,,,,,,,,,,,,,,
B07RSNRP8S,,,,,,,,,,,,,,
B07RPK1LLY,,,,,,,,,,,,,,
B07H7WTFVT,,,,,,,,,,,,,,
B07HK4Q7VW,,,,,,,,,,,,,,
B07HK511QW,,,,,,,,,,,,,,
B07HK8PJZN,,,,,,,,,,,,,,
B07HKCNV61,,,,,,,,,,,,,,
B07HKFG218,,,,,,,,,,,,,,
B07H7JQTLD,,,,,,,,,,,,,,
B07H7M4JH7,,,,,,,,,,,,,,
B082L3F4SH,,,,,,,,,,,,,,
B07HK3SQGC,,,,,,,,,,,,,,
B07HK5PXRB,,,,,,,,,,,,,,
B07HK7STXF,,,,,,,,,,,,,,
B07HK9Z31X,,,,,,,,,,,,,,
B07HKCCVN3,,,,,,,,,,,,,,
B07RTT5L6X,,,,,,,,,,,,,,
B07HK2GFCP,,,,,,,,,,,,,,
B07HK3FZ2G,,,,,,,,,,,,,,
B07HK6VYZD,,,,,,,,,,,,,,
B07HK7C3VM,,,,,,,,,,,,,,
B07HK7FCLV,,,,,,,,,,,,,,
B07HK7STXK,,,,,,,,,,,,,,
B07HK8P4NK,,,,,,,,,,,,,,
B07HK9XGTC,,,,,,,,,,,,,,
B07HKCCVMZ,,,,,,,,,,,,,,
B07J6GWYF7,,,,,,,,,,,,,,
B07RPK31Z5,,,,,,,,,,,,,,
B082L3QT8R,,,,,,,,,,,,,,
B082L2LNL3,,,,,,,,,,,,,,
B082L3QJ6Z,,,,,,,,,,,,,,
B07H7T952R,,,,,,,,,,,,,,
B07H7X7FN3,,,,,,,,,,,,,,
B07RNH9G7T,,,,,,,,,,,,,,
B082L47RG9,,,,,,,,,,,,,,
B086T6GYP6,,,,,,,,,,,,,,
B07H7WZQJY,,,,,,,,,,,,,,
B082L42Z2T,,,,,,,,,,,,,,
B07H7WMRDP,,,,,,,,,,,,,,
B07RVL22HX,,,,,,,,,,,,,,
B082L4734R,,,,,,,,,,,,,,
B07H7T29QC,,,,,,,,,,,,,,
B07H7KY354,,,,,,,,,,,,,,
B082L3KMCB,,,,,,,,,,,,,,
B07H7VZWP9,,,,,,,,,,,,,,
B082L46YTS,,,,,,,,,,,,,,
B07H7VZF6L,,,,,,,,,,,,,,
B082L3CSH6,,,,,,,,,,,,,,
B082L37K79,,,,,,,,,,,,,,
B07H7LGPV5,,,,,,,,,,,,,,
B07H7K3STR,,,,,,,,,,,,,,
B07H7XCPB8,,,,,,,,,,,,,,
B082L46C8M,,,,,,,,,,,,,,
B07H7VW37P,,,,,,,,,,,,,,
B07H7JZLPR,,,,,,,,,,,,,,
B07RRLT6CD,,,,,,,,,,,,,,
B07HK4K3XN,,,,,,,,,,,,,,
B07HK6KL2G,,,,,,,,,,,,,,
B07HK7S76N,,,,,,,,,,,,,,
B07HK97WZN,,,,,,,,,,,,,,
B07HKG398H,,,,,,,,,,,,,,
B082L3WFX1,,,,,,,,,,,,,,
B07RRLSPBV,,,,,,,,,,,,,,
B07H7W44MC,,,,,,,,,,,,,,
B07XY615TC,,,,,,,,,,,,,,
B07XY911FQ,,,,,,,,,,,,,,
B07H7WNP2H,,,,,,,,,,,,,,
B07H7VV9FK,,,,,,,,,,,,,,
B07HK26XMC,,,,,,,,,,,,,,
B07HK3ZY6G,,,,,,,,,,,,,,
B07HK48BT9,,,,,,,,,,,,,,
B07HK68MLT,,,,,,,,,,,,,,
B07HK6JNYQ,,,,,,,,,,,,,,
B07HK6JQYS,,,,,,,,,,,,,,
B07HK72K6M,,,,,,,,,,,,,,
B07HK7S77C,,,,,,,,,,,,,,
B07HK8PMBV,,,,,,,,,,,,,,
B07HK924SK,,,,,,,,,,,,,,
B086LJX9FX,,,,,,,,,,,,,,
B07HK4K3XW,,,,,,,,,,,,,,
B07HK62YV1,,,,,,,,,,,,,,
B07HK7KZ5C,,,,,,,,,,,,,,
B07HK9V4JY,,,,,,,,,,,,,,
B07J6F4SFF,,,,,,,,,,,,,,
B07HK5D7H2,,,,,,,,,,,,,,
B07HK6SF63,,,,,,,,,,,,,,
B07HK835GQ,,,,,,,,,,,,,,
B07HK85ZF8,,,,,,,,,,,,,,
B07J6GRJF1,,,,,,,,,,,,,,
B082L3G7MZ,,,,,,,,,,,,,,
B07RRLS66H,,,,,,,,,,,,,,
B07H7JNWH7,,,,,,,,,,,,,,
B07H7KSMYN,,,,,,,,,,,,,,
B08F14FMNG,,,,,,,,,,,,,,
B07H7XXZV2,,,,,,,,,,,,,,
B086T5SSCW,,,,,,,,,,,,,,
B07H7WTVKZ,,,,,,,,,,,,,,
B086T5MD8H,,,,,,,,,,,,,,
B07HK4M2V6,,,,,,,,,,,,,,
B07HK564RX,,,,,,,,,,,,,,
B07HK5XJZ7,,,,,,,,,,,,,,
B07HK81TN8,,,,,,,,,,,,,,
B07HK9V78X,,,,,,,,,,,,,,
B082L31451,,,,,,,,,,,,,,
B086LJ213X,,,,,,,,,,,,,,
B082L48HX5,,,,,,,,,,,,,,
B07H7K3LXG,,,,,,,,,,,,,,
B07H7SLGSY,,,,,,,,,,,,,,
B07H7JS5PP,,,,,,,,,,,,,,
B086T5K7ZP,,,,,,,,,,,,,,
B07HK38Z4S,,,,,,,,,,,,,,
B07HK45HGD,,,,,,,,,,,,,,
B07HK4CW7J,,,,,,,,,,,,,,
B07HK5QXV7,,,,,,,,,,,,,,
B07HK6HC4Q,,,,,,,,,,,,,,
B07HK6KXJT,,,,,,,,,,,,,,
B07HK6V4CB,,,,,,,,,,,,,,
B07HK7JSNT,,,,,,,,,,,,,,
B07HK7YZZ5,,,,,,,,,,,,,,
B07HK8KFSY,,,,,,,,,,,,,,
B07HK95PWG,,,,,,,,,,,,,,
B07HK9T1TY,,,,,,,,,,,,,,
B07HKB4GZB,,,,,,,,,,,,,,
B07HKB6QZ8,,,,,,,,,,,,,,
B07HKGLQTB,,,,,,,,,,,,,,
B07RSNQJ81,,,,,,,,,,,,,,
B07HK4Y97Y,,,,,,,,,,,,,,
B07HK5BD98,,,,,,,,,,,,,,
B07HK8KFSC,,,,,,,,,,,,,,
B07HKBMCQF,,,,,,,,,,,,,,
B07HKC6JCQ,,,,,,,,,,,,,,
B086T5FSN7,,,,,,,,,,,,,,
B086T56RV3,,,,,,,,,,,,,,
B082L2BZ6T,,,,,,,,,,,,,,
B07HK4WT9T,,,,,,,,,,,,,,
B07HK5KN5Z,,,,,,,,,,,,,,
B07HK61M7N,,,,,,,,,,,,,,
B07HK9VH7G,,,,,,,,,,,,,,
B07HKG337T,,,,,,,,,,,,,,
B07H7XG164,,,,,,,,,,,,,,
B07H7QTG7H,,,,,,,,,,,,,,
B07H7XVPVL,,,,,,,,,,,,,,
B07HK5KN6C,,,,,,,,,,,,,,
B07HK5PFPP,,,,,,,,,,,,,,
B07HK69P45,,,,,,,,,,,,,,
B07HK6JNYF,,,,,,,,,,,,,,
B07HK8DTYH,,,,,,,,,,,,,,
B08F1BF7SM,,,,,,,,,,,,,,
B07H7Y4VBB,,,,,,,,,,,,,,
B07H7L9XLN,,,,,,,,,,,,,,
B07H7XYZDW,,,,,,,,,,,,,,
B086T58RR3,,,,,,,,,,,,,,
B082L2X537,,,,,,,,,,,,,,
B07H7L4B41,,,,,,,,,,,,,,
B082L39W7S,,,,,,,,,,,,,,
B086LK4KYQ,,,,,,,,,,,,,,
B07H7HHWR7,,,,,,,,,,,,,,
B07XY6PVXY,,,,,,,,,,,,,,
B082L2Z185,,,,,,,,,,,,,,
B07HK1DXL4,,,,,,,,,,,,,,
B07HK41HTY,,,,,,,,,,,,,,
B07HK53KLJ,,,,,,,,,,,,,,
B07HK5CX3T,,,,,,,,,,,,,,
B07HK6HM9X,,,,,,,,,,,,,,
B07HK7BTXX,,,,,,,,,,,,,,
B07HK8W8HG,,,,,,,,,,,,,,
B07HK922Y4,,,,,,,,,,,,,,
B07HK9XGST,,,,,,,,,,,,,,
B07J6GS3N1,,,,,,,,,,,,,,
B07HK4X55H,,,,,,,,,,,,,,
B07HK5943B,,,,,,,,,,,,,,
B07HK5KWTV,,,,,,,,,,,,,,
B07HK6HMCR,,,,,,,,,,,,,,
B07HKG2172,,,,,,,,,,,,,,
B082L2TF46,,,,,,,,,,,,,,
B07H7KGRM4,,,,,,,,,,,,,,
B07HK4CW72,,,,,,,,,,,,,,
B07HK7LYLP,,,,,,,,,,,,,,
B07HK8PMCZ,,,,,,,,,,,,,,
B07HKC5DGT,,,,,,,,,,,,,,
B07J6HQHNC,,,,,,,,,,,,,,
B082L3H5XP,,,,,,,,,,,,,,
B07HK4Y98P,,,,,,,,,,,,,,
B07HK57VXW,,,,,,,,,,,,,,
B07HK5LD2F,,,,,,,,,,,,,,
B07HK5QXV6,,,,,,,,,,,,,,
B07HK6D6XQ,,,,,,,,,,,,,,
B07HK7173L,,,,,,,,,,,,,,
B07HK9NW3J,,,,,,,,,,,,,,
B07HKGLQTC,,,,,,,,,,,,,,
B07J6FM9MH,,,,,,,,,,,,,,
B07J6HNR7H,,,,,,,,,,,,,,
B082L2Z17Z,,,,,,,,,,,,,,
B07H7XQ15Z,,,,,,,,,,,,,,
B07H7WMH98,,,,,,,,,,,,,,
B086LK8V5R,,,,,,,,,,,,,,
B07XY7L88K,,,,,,,,,,,,,,
B07H7KWNLZ,,,,,,,,,,,,,,
B07H7JSNGQ,,,,,,,,,,,,,,
B07HK5FYQY,,,,,,,,,,,,,,
B07HK5KG4J,,,,,,,,,,,,,,
B07HK5M266,,,,,,,,,,,,,,
B07HK5ZQ21,,,,,,,,,,,,,,
B07HK67ZFQ,,,,,,,,,,,,,,
B07HK7174R,,,,,,,,,,,,,,
B07HK7KZ67,,,,,,,,,,,,,,
B07HK7WFNP,,,,,,,,,,,,,,
B07HK8JVPN,,,,,,,,,,,,,,
B07HKNT26N,,,,,,,,,,,,,,
B07HK2XMX7,,,,,,,,,,,,,,
B07HK4RPKG,,,,,,,,,,,,,,
B07HK5KWW1,,,,,,,,,,,,,,
B07HK5PFNK,,,,,,,,,,,,,,
B07HK7MWF4,,,,,,,,,,,,,,
B07HK8MVGD,,,,,,,,,,,,,,
B07HKCNQCN,,,,,,,,,,,,,,
B07HKJL4SS,,,,,,,,,,,,,,
B07HKMZ8J8,,,,,,,,,,,,,,
B07J6HMCKW,,,,,,,,,,,,,,
B07RNH94GQ,,,,,,,,,,,,,,
B07HK5KG4K,,,,,,,,,,,,,,
B07HK6GH15,,,,,,,,,,,,,,
B07HK7ND5L,,,,,,,,,,,,,,
B07HK8J8BT,,,,,,,,,,,,,,
B07HK92855,,,,,,,,,,,,,,
B07H7MGWDN,,,,,,,,,,,,,,
B07H7WW82S,,,,,,,,,,,,,,
B07H7RPQK5,,,,,,,,,,,,,,
B07HK5PXR8,,,,,,,,,,,,,,
B07HK67F2H,,,,,,,,,,,,,,
B07HK72K7C,,,,,,,,,,,,,,
B07HK7YW8K,,,,,,,,,,,,,,
B07HK8RNB5,,,,,,,,,,,,,,
B07HKCJJN5,,,,,,,,,,,,,,
B07HKLMPY2,,,,,,,,,,,,,,
B07J6GS3NV,,,,,,,,,,,,,,
B07J6H293J,,,,,,,,,,,,,,
B07J6HNR7Q,,,,,,,,,,,,,,
B07HK4LTCL,,,,,,,,,,,,,,
B07HK8DDLG,,,,,,,,,,,,,,
B07HK8PMCK,,,,,,,,,,,,,,
B07HK9Z32F,,,,,,,,,,,,,,
B07J6GPPNW,,,,,,,,,,,,,,
B07H7K5JX2,,,,,,,,,,,,,,
B07H7L2G4L,,,,,,,,,,,,,,
B07H7MHYT6,,,,,,,,,,,,,,
B086LK8R6N,,,,,,,,,,,,,,
B08F1GGQRF,,,,,,,,,,,,,,
B082L492LP,,,,,,,,,,,,,,
B07HK26XLS,,,,,,,,,,,,,,
B07HK5TN8L,,,,,,,,,,,,,,
B07HK6CSWP,,,,,,,,,,,,,,
B07HK74XK2,,,,,,,,,,,,,,
B07HK7C3VB,,,,,,,,,,,,,,
B07HK7FT2Q,,,,,,,,,,,,,,
B07HK8WCRT,,,,,,,,,,,,,,
B07HKBLCL7,,,,,,,,,,,,,,
B07HKCBH52,,,,,,,,,,,,,,
B07HKCBHHP,,,,,,,,,,,,,,
B07H7K4VTS,,,,,,,,,,,,,,
B07HK55STF,,,,,,,,,,,,,,
B07HK5BD8H,,,,,,,,,,,,,,
B07HK61WB4,,,,,,,,,,,,,,
B07HK62Y2L,,,,,,,,,,,,,,
B07HK6888V,,,,,,,,,,,,,,
B07HK766PY,,,,,,,,,,,,,,
B07HK7YZ43,,,,,,,,,,,,,,
B07HK8J8BD,,,,,,,,,,,,,,
B07HK8RNC5,,,,,,,,,,,,,,
B07HK93VF9,,,,,,,,,,,,,,
B07RNH9PXP,,,,,,,,,,,,,,
B07H7SWWTY,,,,,,,,,,,,,,
B08DZXHL9B,,,,,,,,,,,,,,
B07HK3BNRP,,,,,,,,,,,,,,
B07HK6XZGT,,,,,,,,,,,,,,
B07HK7T4VK,,,,,,,,,,,,,,
B07HK81TPM,,,,,,,,,,,,,,
B07HK8W8GX,,,,,,,,,,,,,,
B07H7X1633,,,,,,,,,,,,,,
B07HK4RL3Y,,,,,,,,,,,,,,
B07HK4TCDQ,,,,,,,,,,,,,,
B07HK53GPD,,,,,,,,,,,,,,
B07HK5FQJ8,,,,,,,,,,,,,,
B07HK5TXDF,,,,,,,,,,,,,,
B07HK7V9XF,,,,,,,,,,,,,,
B07HK97V3S,,,,,,,,,,,,,,
B07HK9FFTG,,,,,,,,,,,,,,
B07HKB6H43,,,,,,,,,,,,,,
B07HKC613G,,,,,,,,,,,,,,
B07HKC613T,,,,,,,,,,,,,,
B07HKC7YST,,,,,,,,,,,,,,
B07HKF2W9Z,,,,,,,,,,,,,,
B07HKG2XRT,,,,,,,,,,,,,,
B07J6HGS12,,,,,,,,,,,,,,
B082L2JHK1,,,,,,,,,,,,,,
B07H7M6B47,,,,,,,,,,,,,,
B07H7M6RDK,,,,,,,,,,,,,,
B07H7WBLZ2,,,,,,,,,,,,,,
B07H7JLWJ8,,,,,,,,,,,,,,
B07H7VLTB2,,,,,,,,,,,,,,
B07H7V12TZ,,,,,,,,,,,,,,
B082L3VTC5,,,,,,,,,,,,,,
B07H7TVTWY,,,,,,,,,,,,,,
B07H7K3SN6,,,,,,,,,,,,,,
B086LJ93WN,,,,,,,,,,,,,,
B07HK37S19,,,,,,,,,,,,,,
B07HK53F9C,,,,,,,,,,,,,,
B07HK7HZ8Y,,,,,,,,,,,,,,
B07HKFXB4K,,,,,,,,,,,,,,
B07J6HK6D2,,,,,,,,,,,,,,
B082L3LVKX,,,,,,,,,,,,,,
B07H7KFZP9,,,,,,,,,,,,,,
B07H7KX26T,,,,,,,,,,,,,,
B082L3KF8K,,,,,,,,,,,,,,
B07HK4W6LF,,,,,,,,,,,,,,
B07HK5B922,,,,,,,,,,,,,,
B07HK73ZQF,,,,,,,,,,,,,,
B07HKC79JP,,,,,,,,,,,,,,
B07HKCBQDW,,,,,,,,,,,,,,
B07RPK2XFV,,,,,,,,,,,,,,
B086T4VMN5,,,,,,,,,,,,,,
B082L3QNCQ,,,,,,,,,,,,,,
B082L43GBF,,,,,,,,,,,,,,
B082L46WNF,,,,,,,,,,,,,,
B082L2WFZC,,,,,,,,,,,,,,
B07HK3BBCL,,,,,,,,,,,,,,
B07HK3MWZS,,,,,,,,,,,,,,
B07HK3R9TG,,,,,,,,,,,,,,
B07HK43M5T,,,,,,,,,,,,,,
B07HK5D7J7,,,,,,,,,,,,,,
B07HK6H7MS,,,,,,,,,,,,,,
B07HK6L9FD,,,,,,,,,,,,,,
B07HK6X133,,,,,,,,,,,,,,
B07HK6XW4M,,,,,,,,,,,,,,
B07HK735RW,,,,,,,,,,,,,,
B07HK7BN34,,,,,,,,,,,,,,
B07HK7JJ1P,,,,,,,,,,,,,,
B07HK89154,,,,,,,,,,,,,,
B07HK8F7MG,,,,,,,,,,,,,,
B07HKBKYFB,,,,,,,,,,,,,,
B07H7KMLT7,,,,,,,,,,,,,,
B07HK3RG5S,,,,,,,,,,,,,,
B07HK4LTDW,,,,,,,,,,,,,,
B07HK4T3NL,,,,,,,,,,,,,,
B07HK66PRK,,,,,,,,,,,,,,
B07HK6J2BM,,,,,,,,,,,,,,
B07HK792CB,,,,,,,,,,,,,,
B07HK7SPVT,,,,,,,,,,,,,,
B07HK8DPW7,,,,,,,,,,,,,,
B07HK926QK,,,,,,,,,,,,,,
B07HK9SDBJ,,,,,,,,,,,,,,
B07HK9V57Y,,,,,,,,,,,,,,
B07HKDPTCF,,,,,,,,,,,,,,
B07HKKRX3X,,,,,,,,,,,,,,
B07J6GQT3Z,,,,,,,,,,,,,,
B07J6H6FNX,,,,,,,,,,,,,,
B07H7L2268,,,,,,,,,,,,,,
B07H7JN71P,,,,,,,,,,,,,,
B07H7K4J9Z,,,,,,,,,,,,,,
B07HK2QRL7,,,,,,,,,,,,,,
B07HK4X555,,,,,,,,,,,,,,
B07HK5KS4T,,,,,,,,,,,,,,
B07HK657HD,,,,,,,,,,,,,,
B07HK66LKF,,,,,,,,,,,,,,
B07HK6FLM4,,,,,,,,,,,,,,
B07HK724JF,,,,,,,,,,,,,,
B07HK95PXQ,,,,,,,,,,,,,,
B07HKC79JJ,,,,,,,,,,,,,,
B07J6F27WP,,,,,,,,,,,,,,
B07HK3NL7F,,,,,,,,,,,,,,
B07HK3RG4H,,,,,,,,,,,,,,
B07HK5B1FM,,,,,,,,,,,,,,
B07HK5JQRK,,,,,,,,,,,,,,
B07HK5XJZK,,,,,,,,,,,,,,
B07HK66SVL,,,,,,,,,,,,,,
B07HK6V5ZP,,,,,,,,,,,,,,
B07HK7DN37,,,,,,,,,,,,,,
B07HK8CN7R,,,,,,,,,,,,,,
B07HK8JT51,,,,,,,,,,,,,,
B07HK8MYTN,,,,,,,,,,,,,,
B07HK9S63V,,,,,,,,,,,,,,
B07HKGLQT9,,,,,,,,,,,,,,
B07HKMTBKT,,,,,,,,,,,,,,
B07J6FLYYB,,,,,,,,,,,,,,
B07H7WBV7L,,,,,,,,,,,,,,
B07HK48BTD,,,,,,,,,,,,,,
B07HK682P4,,,,,,,,,,,,,,
B07HK687JG,,,,,,,,,,,,,,
B07HK6MF6W,,,,,,,,,,,,,,
B07HK8SYWV,,,,,,,,,,,,,,
B07HK945GM,,,,,,,,,,,,,,
B07HK9PGT2,,,,,,,,,,,,,,
B07HKB368P,,,,,,,,,,,,,,
B07HKC731Q,,,,,,,,,,,,,,
B07HKC744H,,,,,,,,,,,,,,
B082L3K2KD,,,,,,,,,,,,,,
B07XY7RH36,,,,,,,,,,,,,,
B07H7XX2FM,,,,,,,,,,,,,,
B07HK36D28,,,,,,,,,,,,,,
B07HK3D2MJ,,,,,,,,,,,,,,
B07HK3MWZ8,,,,,,,,,,,,,,
B07HK5ZQ33,,,,,,,,,,,,,,
B07HK66WZD,,,,,,,,,,,,,,
B07HK6RXHL,,,,,,,,,,,,,,
B07HK7Y8J3,,,,,,,,,,,,,,
B07HK9NWDQ,,,,,,,,,,,,,,
B07HKB4K6P,,,,,,,,,,,,,,
B07HKB8HKH,,,,,,,,,,,,,,
B082L2M72M,,,,,,,,,,,,,,
B07H7MJR88,,,,,,,,,,,,,,
B07RQHH8TT,,,,,,,,,,,,,,
B086Q6HW19,,,,,,,,,,,,,,
B07H7JZLPK,,,,,,,,,,,,,,
B07H7KK176,,,,,,,,,,,,,,
B07HK4FV59,,,,,,,,,,,,,,
B07HK4L18J,,,,,,,,,,,,,,
B07HK54SX2,,,,,,,,,,,,,,
B07HK564RC,,,,,,,,,,,,,,
B07HK629RV,,,,,,,,,,,,,,
B07HK69JF2,,,,,,,,,,,,,,
B07HK6R4DL,,,,,,,,,,,,,,
B07HK6WXNZ,,,,,,,,,,,,,,
B07HK6XW4F,,,,,,,,,,,,,,
B07HK8CG31,,,,,,,,,,,,,,
B07HK8JGVG,,,,,,,,,,,,,,
B07HK9RBRT,,,,,,,,,,,,,,
B07HKC6DN9,,,,,,,,,,,,,,
B07HKC7Q9K,,,,,,,,,,,,,,
B07J6H6FPW,,,,,,,,,,,,,,
B07H7K4S31,,,,,,,,,,,,,,
B07H7Y63ZQ,,,,,,,,,,,,,,
B07HK3XMRW,,,,,,,,,,,,,,
B07HK4L555,,,,,,,,,,,,,,
B07HK53GPL,,,,,,,,,,,,,,
B07HK5GF6X,,,,,,,,,,,,,,
B07HK5JS8V,,,,,,,,,,,,,,
B07HK5TN83,,,,,,,,,,,,,,
B07HK6DKZK,,,,,,,,,,,,,,
B07HK6WW17,,,,,,,,,,,,,,
B07HK78DX2,,,,,,,,,,,,,,
B07HK8C8JT,,,,,,,,,,,,,,
B07HK8MWCT,,,,,,,,,,,,,,
B07HK8W8FW,,,,,,,,,,,,,,
B07HK9139B,,,,,,,,,,,,,,
B07HKB8374,,,,,,,,,,,,,,
B07J6HK6DJ,,,,,,,,,,,,,,
B086LJ2KX9,,,,,,,,,,,,,,
B07H7WLGPZ,,,,,,,,,,,,,,
B07H7TS4JG,,,,,,,,,,,,,,
B082L2VB37,,,,,,,,,,,,,,
B07H7JY357,,,,,,,,,,,,,,
B07HK36D2S,,,,,,,,,,,,,,
B07HK4L18B,,,,,,,,,,,,,,
B07HK6YWMF,,,,,,,,,,,,,,
B07HK7R9FD,,,,,,,,,,,,,,
B07HK8JGV5,,,,,,,,,,,,,,
B07HK8P4M7,,,,,,,,,,,,,,
B07HK93VDZ,,,,,,,,,,,,,,
B07HK95PWS,,,,,,,,,,,,,,
B07HKB836N,,,,,,,,,,,,,,
B07J6HHN3G,,,,,,,,,,,,,,
B07H7K3VZL,,,,,,,,,,,,,,
B082L3JJN4,,,,,,,,,,,,,,
B07H7K4DZD,,,,,,,,,,,,,,
B07HK3SQHT,,,,,,,,,,,,,,
B07HK5QR9T,,,,,,,,,,,,,,
B07HK5X5CB,,,,,,,,,,,,,,
B07HK67ZDP,,,,,,,,,,,,,,
B07HK7D2KC,,,,,,,,,,,,,,
B07HK6NRX2,,,,,,,,,,,,,,
B07HK6QFT8,,,,,,,,,,,,,,
B07HK9XNQV,,,,,,,,,,,,,,
B07HKC655F,,,,,,,,,,,,,,
B07J6HG5M7,,,,,,,,,,,,,,
B07HK2XFYN,,,,,,,,,,,,,,
B07HK41HVT,,,,,,,,,,,,,,
B07HK6KXK9,,,,,,,,,,,,,,
B07HK6YWLR,,,,,,,,,,,,,,
B07HK794FL,,,,,,,,,,,,,,
B07HK79FCP,,,,,,,,,,,,,,
B07HK8CXCX,,,,,,,,,,,,,,
B07HK8JVPT,,,,,,,,,,,,,,
B07HK9CF29,,,,,,,,,,,,,,
B07HKB367V,,,,,,,,,,,,,,
B086T4Y9MW,,,,,,,,,,,,,,
B07H7KZSZ6,,,,,,,,,,,,,,
B08F1BFJXV,,,,,,,,,,,,,,
B07HK3ST57,,,,,,,,,,,,,,
B07HK5LD2W,,,,,,,,,,,,,,
B07HK5YKD2,,,,,,,,,,,,,,
B07HK63RTZ,,,,,,,,,,,,,,
B07HK66SST,,,,,,,,,,,,,,
B07HK6FG4R,,,,,,,,,,,,,,
B07HK6G9CM,,,,,,,,,,,,,,
B07HK78W1Q,,,,,,,,,,,,,,
B07HK8JT4T,,,,,,,,,,,,,,
B07HK95Z3P,,,,,,,,,,,,,,
B07HK97V4G,,,,,,,,,,,,,,
B07HKC613P,,,,,,,,,,,,,,
B07J6F1Q61,,,,,,,,,,,,,,
B07J6FN6NK,,,,,,,,,,,,,,
B07J6HNM1G,,,,,,,,,,,,,,
B07HK3SFS5,,,,,,,,,,,,,,
B07HK43M6B,,,,,,,,,,,,,,
B07HK48SXN,,,,,,,,,,,,,,
B07HK5B8ZS,,,,,,,,,,,,,,
B07HK5PTBW,,,,,,,,,,,,,,
B07HK629R8,,,,,,,,,,,,,,
B07HK66WY5,,,,,,,,,,,,,,
B07HK6WWBS,,,,,,,,,,,,,,
B07HK78BVD,,,,,,,,,,,,,,
B07HK81TNY,,,,,,,,,,,,,,
B07HK83RD8,,,,,,,,,,,,,,
B07HK8JXDS,,,,,,,,,,,,,,
B07HK8SYWS,,,,,,,,,,,,,,
B07HKCCV8J,,,,,,,,,,,,,,
B07J6HNZYT,,,,,,,,,,,,,,
B07HK592N1,,,,,,,,,,,,,,
B07HK6CSWK,,,,,,,,,,,,,,
B07HK6KXJH,,,,,,,,,,,,,,
B07HK7KZ6K,,,,,,,,,,,,,,
B07HK928Y1,,,,,,,,,,,,,,
B07HKB4GZZ,,,,,,,,,,,,,,
B07HKBL3ZP,,,,,,,,,,,,,,
B07HKCNQD2,,,,,,,,,,,,,,
B07HKFXB6D,,,,,,,,,,,,,,
B07HKJKS4X,,,,,,,,,,,,,,
B07HK2PKVD,,,,,,,,,,,,,,
B07HK4NHDW,,,,,,,,,,,,,,
B07HK5LD3D,,,,,,,,,,,,,,
B07HK6D8HW,,,,,,,,,,,,,,
B07HK6MF5C,,,,,,,,,,,,,,
B07HK76BHY,,,,,,,,,,,,,,
B07HK79XZ7,,,,,,,,,,,,,,
B07HK81TNR,,,,,,,,,,,,,,
B07HK872S1,,,,,,,,,,,,,,
B07HKCCTJ9,,,,,,,,,,,,,,
B07HK15DTZ,,,,,,,,,,,,,,
B07HK45FK1,,,,,,,,,,,,,,
B07HK4LZ7H,,,,,,,,,,,,,,
B07HK5ZXZQ,,,,,,,,,,,,,,
B07HK5ZXZS,,,,,,,,,,,,,,
B07HK794D7,,,,,,,,,,,,,,
B07HK835G7,,,,,,,,,,,,,,
B07HK9D2W9,,,,,,,,,,,,,,
B07HKF36B4,,,,,,,,,,,,,,
B07J6GPPPX,,,,,,,,,,,,,,
B08DZVTT65,,,,,,,,,,,,,,
B07H7VCBRJ,,,,,,,,,,,,,,
B07HK1TK8K,,,,,,,,,,,,,,
B07HK3BBC8,,,,,,,,,,,,,,
B07HK3RG49,,,,,,,,,,,,,,
B07HK4V7GT,,,,,,,,,,,,,,
B07HK5942S,,,,,,,,,,,,,,
B07HK6FS4H,,,,,,,,,,,,,,
B07HK6WXPZ,,,,,,,,,,,,,,
B07HK7ND53,,,,,,,,,,,,,,
B07HK81TPJ,,,,,,,,,,,,,,
B07HK8F7LD,,,,,,,,,,,,,,
B07HK926RH,,,,,,,,,,,,,,
B07HK9PLS8,,,,,,,,,,,,,,
B07HK9SDC2,,,,,,,,,,,,,,
B07HKCBPDC,,,,,,,,,,,,,,
B07HKLMYWP,,,,,,,,,,,,,,
B07H7V596S,,,,,,,,,,,,,,
B082L3L7JT,,,,,,,,,,,,,,
B07H7WSNC7,,,,,,,,,,,,,,
B07J1LFNTQ,,,,,,,,,,,,,,
B082L3TX16,,,,,,,,,,,,,,
B07H7JPS12,,,,,,,,,,,,,,
B07HK424DP,,,,,,,,,,,,,,
B07HK45FHS,,,,,,,,,,,,,,
B07HK54TP8,,,,,,,,,,,,,,
B07HK62YTG,,,,,,,,,,,,,,
B07HK7L5QB,,,,,,,,,,,,,,
B07HK8MYV1,,,,,,,,,,,,,,
B07HK923C4,,,,,,,,,,,,,,
B07HKC732J,,,,,,,,,,,,,,
B07HKCCTHP,,,,,,,,,,,,,,
B07HKJ5XZM,,,,,,,,,,,,,,
B07H7WRCSK,,,,,,,,,,,,,,
B082L2J1HW,,,,,,,,,,,,,,
B082L4346W,,,,,,,,,,,,,,
B07H7K645F,,,,,,,,,,,,,,
B07XY6PV2X,,,,,,,,,,,,,,
B07H7KF4X8,,,,,,,,,,,,,,
B086LKBGKF,,,,,,,,,,,,,,
B07HK3W1SZ,,,,,,,,,,,,,,
B07HK4NV78,,,,,,,,,,,,,,
B07HK4RPJH,,,,,,,,,,,,,,
B07HK55SVG,,,,,,,,,,,,,,
B07HK5PFPW,,,,,,,,,,,,,,
B07HK7JJ27,,,,,,,,,,,,,,
B07HK7YZ3V,,,,,,,,,,,,,,
B07HKCRN11,,,,,,,,,,,,,,
B07J6FQQNY,,,,,,,,,,,,,,
B07J6GHVDK,,,,,,,,,,,,,,
B07HK63RWG,,,,,,,,,,,,,,
B07HK6KL1W,,,,,,,,,,,,,,
B07HK7YZYV,,,,,,,,,,,,,,
B07HKBLCKQ,,,,,,,,,,,,,,
B07HKC731N,,,,,,,,,,,,,,
B07HK35QTV,,,,,,,,,,,,,,
B07HK37S1T,,,,,,,,,,,,,,
B07HK3D2MG,,,,,,,,,,,,,,
B07HK3R8M7,,,,,,,,,,,,,,
B07HK44G4Z,,,,,,,,,,,,,,
B07HK5NPDZ,,,,,,,,,,,,,,
B07HK5QSMV,,,,,,,,,,,,,,
B07HK5QTW3,,,,,,,,,,,,,,
B07HK6GFW6,,,,,,,,,,,,,,
B07HK6HNFQ,,,,,,,,,,,,,,
B07HK7YYM6,,,,,,,,,,,,,,
B07HK81WXV,,,,,,,,,,,,,,
B07HKC71FN,,,,,,,,,,,,,,
B07J6FPWHV,,,,,,,,,,,,,,
B07J6H6FPJ,,,,,,,,,,,,,,
B07H7XCRJJ,,,,,,,,,,,,,,
B07H7KKXB1,,,,,,,,,,,,,,
B082L24YN4,,,,,,,,,,,,,,
B07HK6R2CJ,,,,,,,,,,,,,,
B07HK81W1C,,,,,,,,,,,,,,
B07HK8BSZR,,,,,,,,,,,,,,
B07HK9XJDR,,,,,,,,,,,,,,
B07HKC75VF,,,,,,,,,,,,,,
B07HK26CZJ,,,,,,,,,,,,,,
B07HK45FVJ,,,,,,,,,,,,,,
B07HK5R2KW,,,,,,,,,,,,,,
B07HK633XX,,,,,,,,,,,,,,
B07HK6GH17,,,,,,,,,,,,,,
B07HK6J4ZN,,,,,,,,,,,,,,
B07HK6SFVG,,,,,,,,,,,,,,
B07HK73KN1,,,,,,,,,,,,,,
B07HK9CF12,,,,,,,,,,,,,,
B07HKCCWL3,,,,,,,,,,,,,,
B07H7X3RLP,,,,,,,,,,,,,,
B07HK4FV5P,,,,,,,,,,,,,,
B07HK4HBFY,,,,,,,,,,,,,,
B07HK4ML31,,,,,,,,,,,,,,
B07HK4VFF5,,,,,,,,,,,,,,
B07HK5BQTZ,,,,,,,,,,,,,,
B07HK6JPHM,,,,,,,,,,,,,,
B07HK7173V,,,,,,,,,,,,,,
B07HK7LYL8,,,,,,,,,,,,,,
B07HK8FGP1,,,,,,,,,,,,,,
B07HKCKFY4,,,,,,,,,,,,,,
B07HK2SBQH,,,,,,,,,,,,,,
B07HK5FYR1,,,,,,,,,,,,,,
B07HK5XW4D,,,,,,,,,,,,,,
B07HK5ZXZ8,,,,,,,,,,,,,,
B07HK6GYX6,,,,,,,,,,,,,,
B07HK6H4NX,,,,,,,,,,,,,,
B07HK6MKJD,,,,,,,,,,,,,,
B07HK7FCL3,,,,,,,,,,,,,,
B07HK7ND65,,,,,,,,,,,,,,
B07HK8JGVQ,,,,,,,,,,,,,,
B07HK8W234,,,,,,,,,,,,,,
B07HKC71GF,,,,,,,,,,,,,,
B07HKCCWDZ,,,,,,,,,,,,,,
B07HKCNWRX,,,,,,,,,,,,,,
B07J6HQWQG,,,,,,,,,,,,,,
B07RQHJYHR,,,,,,,,,,,,,,
B07H7X4GY3,,,,,,,,,,,,,,
B086Q4ZFG5,,,,,,,,,,,,,,
B07RRLSVJX,,,,,,,,,,,,,,
B07HK67ZF4,,,,,,,,,,,,,,
B07HK78DWT,,,,,,,,,,,,,,
B07HK89GGW,,,,,,,,,,,,,,
B07HKB837T,,,,,,,,,,,,,,
B07HKMZ4KH,,,,,,,,,,,,,,
B082L28QHC,,,,,,,,,,,,,,
B07RQHJHTD,,,,,,,,,,,,,,
B07HK15DTP,,,,,,,,,,,,,,
B07HK53F9G,,,,,,,,,,,,,,
B07HK6WWBJ,,,,,,,,,,,,,,
B07HK766PV,,,,,,,,,,,,,,
B07HK7SWS6,,,,,,,,,,,,,,
B07HK8MYTY,,,,,,,,,,,,,,
B07HK95PWW,,,,,,,,,,,,,,
B07HK9D2TN,,,,,,,,,,,,,,
B07HK9S64H,,,,,,,,,,,,,,
B07HKMZ4KV,,,,,,,,,,,,,,
B07HK3ZRG9,,,,,,,,,,,,,,
B07HK5BQW7,,,,,,,,,,,,,,
B07HK5KN6G,,,,,,,,,,,,,,
B07HK63RVP,,,,,,,,,,,,,,
B07HK63ZC8,,,,,,,,,,,,,,
B07HK6H6ZJ,,,,,,,,,,,,,,
B07HK7WKK8,,,,,,,,,,,,,,
B07HK9248F,,,,,,,,,,,,,,
B07HKNT2L7,,,,,,,,,,,,,,
B07J6F3H4Y,,,,,,,,,,,,,,
B07H7LFDZF,,,,,,,,,,,,,,
B07HK6HMCH,,,,,,,,,,,,,,
B07HK6X12V,,,,,,,,,,,,,,
B07HK9CF1S,,,,,,,,,,,,,,
B07HK9H14N,,,,,,,,,,,,,,
B07HKG1ZS5,,,,,,,,,,,,,,
B07HK4CGJV,,,,,,,,,,,,,,
B07HK4LZ7N,,,,,,,,,,,,,,
B07HK646Y5,,,,,,,,,,,,,,
B07HK6XZHH,,,,,,,,,,,,,,
B07HK7HBBL,,,,,,,,,,,,,,
B07HK8DPVP,,,,,,,,,,,,,,
B07HK8WCRY,,,,,,,,,,,,,,
B07HK9Y6CF,,,,,,,,,,,,,,
B07HKB1BDX,,,,,,,,,,,,,,
B07HKBMCQ6,,,,,,,,,,,,,,
B07HK45FJM,,,,,,,,,,,,,,
B07HK69LRM,,,,,,,,,,,,,,
B07HK7C3V2,,,,,,,,,,,,,,
B07HKC6JD6,,,,,,,,,,,,,,
B07J6FN6NW,,,,,,,,,,,,,,
B07J1DFYY8,,,,,,,,,,,,,,
B07HK2SBQL,,,,,,,,,,,,,,
B07HK3BDY4,,,,,,,,,,,,,,
B07HK48BSX,,,,,,,,,,,,,,
B07HK4FV5H,,,,,,,,,,,,,,
B07HK4Y64G,,,,,,,,,,,,,,
B07HK592MJ,,,,,,,,,,,,,,
B07HK5B927,,,,,,,,,,,,,,
B07HK6H4PP,,,,,,,,,,,,,,
B07HK6LGWC,,,,,,,,,,,,,,
B07HK8CXD7,,,,,,,,,,,,,,
B07HK8FQNJ,,,,,,,,,,,,,,
B07HK8JT5G,,,,,,,,,,,,,,
B07HK913B8,,,,,,,,,,,,,,
B07HKC732D,,,,,,,,,,,,,,
B07HKCP1MT,,,,,,,,,,,,,,
B082L3QZ7X,,,,,,,,,,,,,,
B082L3PR5S,,,,,,,,,,,,,,
B07HK4T6XC,,,,,,,,,,,,,,
B07HK4W6K9,,,,,,,,,,,,,,
B07HK5CM46,,,,,,,,,,,,,,
B07HKB4K5Y,,,,,,,,,,,,,,
B07HKBLCLF,,,,,,,,,,,,,,
B07XY8NCVS,,,,,,,,,,,,,,
B07H7WPM8W,,,,,,,,,,,,,,
B086Q742TP,,,,,,,,,,,,,,
B07J1CVJ5L,,,,,,,,,,,,,,
B082L4154P,,,,,,,,,,,,,,
B082L33R72,,,,,,,,,,,,,,
B07HK56Z48,,,,,,,,,,,,,,
B07HK5BQVW,,,,,,,,,,,,,,
B07HK8DTY8,,,,,,,,,,,,,,
B07HK9ZYJM,,,,,,,,,,,,,,
B07HKLMYX1,,,,,,,,,,,,,,
B07RNH8RQY,,,,,,,,,,,,,,
B07HK26CYX,,,,,,,,,,,,,,
B07HK4K5WP,,,,,,,,,,,,,,
B07HK5TBF6,,,,,,,,,,,,,,
B07HK64MQY,,,,,,,,,,,,,,
B07HK6FLLY,,,,,,,,,,,,,,
B07HK6XXLD,,,,,,,,,,,,,,
B07HK7S76R,,,,,,,,,,,,,,
B07HK843YD,,,,,,,,,,,,,,
B07J6GHVD1,,,,,,,,,,,,,,
B07J6GRJFR,,,,,,,,,,,,,,
B082L3WCQH,,,,,,,,,,,,,,
B07HK3RG5T,,,,,,,,,,,,,,
B07HK4B3Z5,,,,,,,,,,,,,,
B07HK5F627,,,,,,,,,,,,,,
B07HK5NPDX,,,,,,,,,,,,,,
B07HK66PRB,,,,,,,,,,,,,,
B07HK69JDH,,,,,,,,,,,,,,
B07HK69X87,,,,,,,,,,,,,,
B07HK6QSQ8,,,,,,,,,,,,,,
B07HK7YZXY,,,,,,,,,,,,,,
B07HK843YT,,,,,,,,,,,,,,
B07HK922X8,,,,,,,,,,,,,,
B07HKB6QZQ,,,,,,,,,,,,,,
B07HKG2G2Z,,,,,,,,,,,,,,
B07HKG3CRC,,,,,,,,,,,,,,
B07J6GQT3V,,,,,,,,,,,,,,
B07HK2QRLS,,,,,,,,,,,,,,
B07HK4W6K1,,,,,,,,,,,,,,
B07HK6TKRC,,,,,,,,,,,,,,
B07HK96GMM,,,,,,,,,,,,,,
B07HKCBPDF,,,,,,,,,,,,,,
B07HK59KLD,,,,,,,,,,,,,,
B07HK5FQH9,,,,,,,,,,,,,,
B07HK79KDK,,,,,,,,,,,,,,
B07HK7BN2Q,,,,,,,,,,,,,,
B07HK8DTXK,,,,,,,,,,,,,,
B07HK8JGVZ,,,,,,,,,,,,,,
B07HKB6QZL,,,,,,,,,,,,,,
B07HKG216Z,,,,,,,,,,,,,,
B07J6FMN7V,,,,,,,,,,,,,,
B07J6FPWHY,,,,,,,,,,,,,,
B07RRLS4X1,,,,,,,,,,,,,,
B07HK3XMSG,,,,,,,,,,,,,,
B07HK8P4MC,,,,,,,,,,,,,,
B07HKBL3ZM,,,,,,,,,,,,,,
B07HKC75VZ,,,,,,,,,,,,,,
B07J6FP2FR,,,,,,,,,,,,,,
B07RNH9H5X,,,,,,,,,,,,,,
B07HK6H7NN,,,,,,,,,,,,,,
B07HK76NTZ,,,,,,,,,,,,,,
B07HKB8386,,,,,,,,,,,,,,
B07HKC6DNR,,,,,,,,,,,,,,
B07J6FN6PR,,,,,,,,,,,,,,
B07RSNPXHX,,,,,,,,,,,,,,
B082L3LKLJ,,,,,,,,,,,,,,
B07H7WCW5Z,,,,,,,,,,,,,,
B07HK15DTX,,,,,,,,,,,,,,
B07HK3T4DB,,,,,,,,,,,,,,
B07HK561WG,,,,,,,,,,,,,,
B07HK5KG4G,,,,,,,,,,,,,,
B07HK5YKD6,,,,,,,,,,,,,,
B07HK7C3W1,,,,,,,,,,,,,,
B07HK7N2X6,,,,,,,,,,,,,,
B07HK8C8JF,,,,,,,,,,,,,,
B07HK92385,,,,,,,,,,,,,,
B07HKCBK6G,,,,,,,,,,,,,,
B07HK2QRLL,,,,,,,,,,,,,,
B07HK3T4CV,,,,,,,,,,,,,,
B07HK45F4J,,,,,,,,,,,,,,
B07HK5QFLV,,,,,,,,,,,,,,
B07HK5TXD8,,,,,,,,,,,,,,
B07HK5YKCT,,,,,,,,,,,,,,
B07HK76J27,,,,,,,,,,,,,,
B07HK982SD,,,,,,,,,,,,,,
B07HK9V78H,,,,,,,,,,,,,,
B07HKB4GZ9,,,,,,,,,,,,,,
B07HKBLKP2,,,,,,,,,,,,,,
B07HKBQ7YR,,,,,,,,,,,,,,
B07HKCC6XH,,,,,,,,,,,,,,
B07HKDP38G,,,,,,,,,,,,,,
B07HKLPWWV,,,,,,,,,,,,,,
B07HK493BP,,,,,,,,,,,,,,
B07HK4FWNW,,,,,,,,,,,,,,
B07HK5942R,,,,,,,,,,,,,,
B07HK5QFM5,,,,,,,,,,,,,,
B07HK62Y3H,,,,,,,,,,,,,,
B07HK6NRW9,,,,,,,,,,,,,,
B07HK79KF4,,,,,,,,,,,,,,
B07HK8DPWL,,,,,,,,,,,,,,
B07HKCKFX6,,,,,,,,,,,,,,
B07HKGXCWP,,,,,,,,,,,,,,
B07H7KHYD8,,,,,,,,,,,,,,
B07H7KYB7Y,,,,,,,,,,,,,,
B07H7VW21Q,,,,,,,,,,,,,,
B07HK3BNRQ,,,,,,,,,,,,,,
B07HK3R9G7,,,,,,,,,,,,,,
B07HK5QSMR,,,,,,,,,,,,,,
B07HK69P4Y,,,,,,,,,,,,,,
B07HK6KXJ6,,,,,,,,,,,,,,
B07HK8RLTD,,,,,,,,,,,,,,
B07HK8RNCW,,,,,,,,,,,,,,
B07HK982SX,,,,,,,,,,,,,,
B07HKB4H1F,,,,,,,,,,,,,,
B07J6F4SFL,,,,,,,,,,,,,,
B07HK5B6NC,,,,,,,,,,,,,,
B07HK5GF6Q,,,,,,,,,,,,,,
B07HK6FG4Q,,,,,,,,,,,,,,
B07HK6MYLD,,,,,,,,,,,,,,
B07HK6YWL9,,,,,,,,,,,,,,
B07HK7FT1M,,,,,,,,,,,,,,
B07HK81WYP,,,,,,,,,,,,,,
B07HK928YD,,,,,,,,,,,,,,
B07HKC71DS,,,,,,,,,,,,,,
B07HKCBQF3,,,,,,,,,,,,,,
B082L3YYYN,,,,,,,,,,,,,,
B086LJ78QL,,,,,,,,,,,,,,
B07H7WL4F4,,,,,,,,,,,,,,
B07H7KT3YX,,,,,,,,,,,,,,
B07H7W8WTS,,,,,,,,,,,,,,
B07HK37S17,,,,,,,,,,,,,,
B07HK72MB4,,,,,,,,,,,,,,
B07HK945LJ,,,,,,,,,,,,,,
B07HKCBHVX,,,,,,,,,,,,,,
B07HKG2CKZ,,,,,,,,,,,,,,
B082L3BW3S,,,,,,,,,,,,,,
B07H7V37X9,,,,,,,,,,,,,,
B07HK3P5MT,,,,,,,,,,,,,,
B07HK4Q7VY,,,,,,,,,,,,,,
B07HK5162W,,,,,,,,,,,,,,
B07HK5CKH8,,,,,,,,,,,,,,
B07HK6G9CJ,,,,,,,,,,,,,,
B07HK6SFW6,,,,,,,,,,,,,,
B07HK76JKB,,,,,,,,,,,,,,
B07HK8CXF5,,,,,,,,,,,,,,
B07HK927TM,,,,,,,,,,,,,,
B07HK928Z4,,,,,,,,,,,,,,
B07HK9NWF4,,,,,,,,,,,,,,
B07HKB7ZXR,,,,,,,,,,,,,,
B07HKC71GK,,,,,,,,,,,,,,
B07HKCNWS3,,,,,,,,,,,,,,
B07J6H752M,,,,,,,,,,,,,,
B082L4577M,,,,,,,,,,,,,,
B07HK3634R,,,,,,,,,,,,,,
B07HK3635D,,,,,,,,,,,,,,
B07HK5162Z,,,,,,,,,,,,,,
B07HK54TQ6,,,,,,,,,,,,,,
B07HK5CKJ8,,,,,,,,,,,,,,
B07HK6RXJ5,,,,,,,,,,,,,,
B07HK79FCT,,,,,,,,,,,,,,
B07HK7X788,,,,,,,,,,,,,,
B07HK8JXD7,,,,,,,,,,,,,,
B07HKCBQFL,,,,,,,,,,,,,,
B07HKCJJP6,,,,,,,,,,,,,,
B07HKCNQCJ,,,,,,,,,,,,,,
B07HKFFJKX,,,,,,,,,,,,,,
B07HKGNDSQ,,,,,,,,,,,,,,
B07J6F27WY,,,,,,,,,,,,,,
B082L2KZG6,,,,,,,,,,,,,,
B082L3L7JS,,,,,,,,,,,,,,
B07H7RMVWV,,,,,,,,,,,,,,
B07HK3MWYP,,,,,,,,,,,,,,
B07HK48BSC,,,,,,,,,,,,,,
B07HK4BHR1,,,,,,,,,,,,,,
B07HK4FV61,,,,,,,,,,,,,,
B07HK4T3NV,,,,,,,,,,,,,,
B07HK54ZT7,,,,,,,,,,,,,,
B07HK5NPDL,,,,,,,,,,,,,,
B07HK5X5C6,,,,,,,,,,,,,,
B07HK76J1V,,,,,,,,,,,,,,
B07HK82Q7T,,,,,,,,,,,,,,
B07HK9D2WM,,,,,,,,,,,,,,
B07HK9ZYJY,,,,,,,,,,,,,,
B07HKCCTJT,,,,,,,,,,,,,,
B07HKCCVN4,,,,,,,,,,,,,,
B07J6HFVWX,,,,,,,,,,,,,,
B07HK2GFCC,,,,,,,,,,,,,,
B07HK4Y64K,,,,,,,,,,,,,,
B07HK574DC,,,,,,,,,,,,,,
B07HK5D7HY,,,,,,,,,,,,,,
B07HK5FF5J,,,,,,,,,,,,,,
B07HK6J2C5,,,,,,,,,,,,,,
B07HK6MYM4,,,,,,,,,,,,,,
B07HK7MWF9,,,,,,,,,,,,,,
B07HK7VCTM,,,,,,,,,,,,,,
B07HK8JVR4,,,,,,,,,,,,,,
B07HK8LN2G,,,,,,,,,,,,,,
B07HK8S38Q,,,,,,,,,,,,,,
B07HK9ZYL3,,,,,,,,,,,,,,
B07HKB4K6M,,,,,,,,,,,,,,
B07HKCCLXJ,,,,,,,,,,,,,,
B07HK2SBQN,,,,,,,,,,,,,,
B07HK4FWP3,,,,,,,,,,,,,,
B07HK4L553,,,,,,,,,,,,,,
B07HK5163D,,,,,,,,,,,,,,
B07HK6G9D8,,,,,,,,,,,,,,
B07HK6NRWM,,,,,,,,,,,,,,
B07HK6TLRY,,,,,,,,,,,,,,
B07HK7LYKY,,,,,,,,,,,,,,
B07HK8W236,,,,,,,,,,,,,,
B07HK927V5,,,,,,,,,,,,,,
B07HK9Q47K,,,,,,,,,,,,,,
B07HKB1BFY,,,,,,,,,,,,,,
B07HKCNXKX,,,,,,,,,,,,,,
B07HKDP53Z,,,,,,,,,,,,,,
B07J6F27WK,,,,,,,,,,,,,,
B07RSNQMJY,,,,,,,,,,,,,,
B07H7RW9SJ,,,,,,,,,,,,,,
B07H7KRV75,,,,,,,,,,,,,,
B086LHZSDD,,,,,,,,,,,,,,
B07J1JTGSH,,,,,,,,,,,,,,
B07HK2GFCD,,,,,,,,,,,,,,
B07HK3LXRL,,,,,,,,,,,,,,
B07HK5XTDC,,,,,,,,,,,,,,
B07HK6BCG8,,,,,,,,,,,,,,
B07HK8FKTJ,,,,,,,,,,,,,,
B07HK8PMC9,,,,,,,,,,,,,,
B07HK9T1TF,,,,,,,,,,,,,,
B07HKC744P,,,,,,,,,,,,,,
B07HKH1JZG,,,,,,,,,,,,,,
B07J6HG5LV,,,,,,,,,,,,,,
B07H7XK4D8,,,,,,,,,,,,,,
B07HK3RMQC,,,,,,,,,,,,,,
B07HK4CGJN,,,,,,,,,,,,,,
B07HK5BWDH,,,,,,,,,,,,,,
B07HK97V46,,,,,,,,,,,,,,
B07HKC5DGW,,,,,,,,,,,,,,
B07J18G18T,,,,,,,,,,,,,,
B07H7X3WRJ,,,,,,,,,,,,,,
B07H7WWN93,,,,,,,,,,,,,,
B07H7WYZYM,,,,,,,,,,,,,,
B07HK5BQWT,,,,,,,,,,,,,,
B07HK69LS5,,,,,,,,,,,,,,
B07HK91ZV6,,,,,,,,,,,,,,
B07HKG32D8,,,,,,,,,,,,,,
B07J6GQT49,,,,,,,,,,,,,,
B082L3M1WQ,,,,,,,,,,,,,,
B07RNHBB8D,,,,,,,,,,,,,,
B07HK6NRXJ,,,,,,,,,,,,,,
B07HK79X82,,,,,,,,,,,,,,
B07HK933L1,,,,,,,,,,,,,,
B07HK9Z4MJ,,,,,,,,,,,,,,
B07HKCCWDB,,,,,,,,,,,,,,
B07H7YHC2Q,,,,,,,,,,,,,,
B07H7J5XDP,,,,,,,,,,,,,,
B07HK3BHR4,,,,,,,,,,,,,,
B07HK3NL7Q,,,,,,,,,,,,,,
B07HK4NHDD,,,,,,,,,,,,,,
B07HK56W78,,,,,,,,,,,,,,
B07HK66LKS,,,,,,,,,,,,,,
B07HK68891,,,,,,,,,,,,,,
B07HK68MM7,,,,,,,,,,,,,,
B07HK6LGVQ,,,,,,,,,,,,,,
B07HK732VQ,,,,,,,,,,,,,,
B07HK794DM,,,,,,,,,,,,,,
B07HK8FKT2,,,,,,,,,,,,,,
B07HK8R79F,,,,,,,,,,,,,,
B07HKBLHZV,,,,,,,,,,,,,,
B07HKC6DNX,,,,,,,,,,,,,,
B07HKMZ8HY,,,,,,,,,,,,,,
B07HK44SLW,,,,,,,,,,,,,,
B07HK4HBFX,,,,,,,,,,,,,,
B07HK4HBFZ,,,,,,,,,,,,,,
B07HK5PTCC,,,,,,,,,,,,,,
B07HK633WF,,,,,,,,,,,,,,
B07HK71CXG,,,,,,,,,,,,,,
B07HK92MT4,,,,,,,,,,,,,,
B07HK9SDCP,,,,,,,,,,,,,,
B07HKG2G1Z,,,,,,,,,,,,,,
B07J6HHWSW,,,,,,,,,,,,,,
B07HK574CT,,,,,,,,,,,,,,
B07HK64MQV,,,,,,,,,,,,,,
B07HK6ZTX3,,,,,,,,,,,,,,
B07HK8MVHK,,,,,,,,,,,,,,
B07HKBLKPW,,,,,,,,,,,,,,
B07HK4NV7N,,,,,,,,,,,,,,
B07HK5KN56,,,,,,,,,,,,,,
B07HK6D6XC,,,,,,,,,,,,,,
B07HK6XW5V,,,,,,,,,,,,,,
B07HK8CG22,,,,,,,,,,,,,,
B07HK8K3WR,,,,,,,,,,,,,,
B07HK8PJ9H,,,,,,,,,,,,,,
B07HKDMW3N,,,,,,,,,,,,,,
B07J6GQT47,,,,,,,,,,,,,,
B07J6GS3P3,,,,,,,,,,,,,,
B07H7VSC5Q,,,,,,,,,,,,,,
B07RPK3466,,,,,,,,,,,,,,
B082L38KMH,,,,,,,,,,,,,,
B07HK2XD9C,,,,,,,,,,,,,,
B07HK44G3N,,,,,,,,,,,,,,
B07HK5BQW4,,,,,,,,,,,,,,
B07HK5ZQ2D,,,,,,,,,,,,,,
B07HK68JNH,,,,,,,,,,,,,,
B07HK68MMV,,,,,,,,,,,,,,
B07HK6KGXH,,,,,,,,,,,,,,
B07HK6WWCG,,,,,,,,,,,,,,
B07HK7BN2V,,,,,,,,,,,,,,
B07HK7ND64,,,,,,,,,,,,,,
B07HK8RVJY,,,,,,,,,,,,,,
B07HK9Q5Q6,,,,,,,,,,,,,,
B07HKC6CJK,,,,,,,,,,,,,,
B07HKC6CL7,,,,,,,,,,,,,,
B07HKF2ZGX,,,,,,,,,,,,,,
B082L2YQKB,,,,,,,,,,,,,,
B082L4949V,,,,,,,,,,,,,,
B07XM888BB,,,,,,,,,,,,,,
B07RQHJ3G5,,,,,,,,,,,,,,
B07H7WFZ45,,,,,,,,,,,,,,
B07H7WWLLQ,,,,,,,,,,,,,,
B07HK3ZRGL,,,,,,,,,,,,,,
B07HK4TCDY,,,,,,,,,,,,,,
B07HK5QXTY,,,,,,,,,,,,,,
B07HK69P5F,,,,,,,,,,,,,,
B07HK7BTWV,,,,,,,,,,,,,,
B07HK7STWQ,,,,,,,,,,,,,,
B07HK7SW8R,,,,,,,,,,,,,,
B07HK83RD2,,,,,,,,,,,,,,
B07HK8K75J,,,,,,,,,,,,,,
B07HK93VDY,,,,,,,,,,,,,,
B07HK945GQ,,,,,,,,,,,,,,
B07HK9D71C,,,,,,,,,,,,,,
B07HKG2XSK,,,,,,,,,,,,,,
B07HKLMPXL,,,,,,,,,,,,,,
B07J6H8MTZ,,,,,,,,,,,,,,
B07HK3RMQY,,,,,,,,,,,,,,
B07HK3ZHKR,,,,,,,,,,,,,,
B07HK4K5WK,,,,,,,,,,,,,,
B07HK4L54V,,,,,,,,,,,,,,
B07HK5QSMT,,,,,,,,,,,,,,
B07HK5TBDK,,,,,,,,,,,,,,
B07HK687K4,,,,,,,,,,,,,,
B07HK6SDKT,,,,,,,,,,,,,,
B07HK8DPV8,,,,,,,,,,,,,,
B07HK9NW26,,,,,,,,,,,,,,
B07HKB4GZV,,,,,,,,,,,,,,
B07HKB6QZW,,,,,,,,,,,,,,
B07HKCCVN6,,,,,,,,,,,,,,
B07HKG2XSB,,,,,,,,,,,,,,
B07J6GYBZP,,,,,,,,,,,,,,
B07HK54TB6,,,,,,,,,,,,,,
B07HK54TNV,,,,,,,,,,,,,,
B07HK6RG3Z,,,,,,,,,,,,,,
B07HK7XC6D,,,,,,,,,,,,,,
B07HK8CXDS,,,,,,,,,,,,,,
B07HK8M4RC,,,,,,,,,,,,,,
B07HK8RVK6,,,,,,,,,,,,,,
B07HK9SQVS,,,,,,,,,,,,,,
B07HK9XNQM,,,,,,,,,,,,,,
B07HKFXB5F,,,,,,,,,,,,,,
B07HKG32CX,,,,,,,,,,,,,,
B07HKMW6QQ,,,,,,,,,,,,,,
B07HKNT269,,,,,,,,,,,,,,
B07J6FTVCS,,,,,,,,,,,,,,
B07J6HMCLP,,,,,,,,,,,,,,
B082L44CZ6,,,,,,,,,,,,,,
B07HK146RL,,,,,,,,,,,,,,
B07HK15DTW,,,,,,,,,,,,,,
B07HK3ST4L,,,,,,,,,,,,,,
B07HK45HH1,,,,,,,,,,,,,,
B07HK5KWVH,,,,,,,,,,,,,,
B07HK64MRL,,,,,,,,,,,,,,
B07HK8DPW9,,,,,,,,,,,,,,
B07HK8FKV2,,,,,,,,,,,,,,
B07HK9V4JH,,,,,,,,,,,,,,
B07HKC7323,,,,,,,,,,,,,,
B07H7VLTB3,,,,,,,,,,,,,,
B07HK74LFS,,,,,,,,,,,,,,
B07HK78W29,,,,,,,,,,,,,,
B07HK79NKC,,,,,,,,,,,,,,
B07HK7ZPLG,,,,,,,,,,,,,,
B07HK82Q7Z,,,,,,,,,,,,,,
B07HK92CDC,,,,,,,,,,,,,,
B07HKBLCLV,,,,,,,,,,,,,,
B07HKC71GB,,,,,,,,,,,,,,
B07HKC7DY8,,,,,,,,,,,,,,
B07J6GLSQK,,,,,,,,,,,,,,
B07HK923CV,,,,,,,,,,,,,,
B07HK982S9,,,,,,,,,,,,,,
B07HK9DLPK,,,,,,,,,,,,,,
B07HKG397S,,,,,,,,,,,,,,
B07HKMZ8HK,,,,,,,,,,,,,,
B07H7K3WCW,,,,,,,,,,,,,,
B07HK5QFLX,,,,,,,,,,,,,,
B07HK71CWW,,,,,,,,,,,,,,
B07HKFWXNK,,,,,,,,,,,,,,
B07HKNT48X,,,,,,,,,,,,,,
B07J6HNM17,,,,,,,,,,,,,,
B082L2W8T9,,,,,,,,,,,,,,
B07H7XDZTR,,,,,,,,,,,,,,
B07HK4Q7VH,,,,,,,,,,,,,,
B07HK63ZC4,,,,,,,,,,,,,,
B07HK6GH1N,,,,,,,,,,,,,,
B07HK6V5YG,,,,,,,,,,,,,,
B07HK7HBBB,,,,,,,,,,,,,,
B07HK7V9Y7,,,,,,,,,,,,,,
B07HKC7Q9V,,,,,,,,,,,,,,
B07HKCBJB7,,,,,,,,,,,,,,
B07HKGHMX2,,,,,,,,,,,,,,
B07HKNT2KN,,,,,,,,,,,,,,
B07H7JY45Z,,,,,,,,,,,,,,
B08F191J46,,,,,,,,,,,,,,
B07J16GNCH,,,,,,,,,,,,,,
B07HK1DGKP,,,,,,,,,,,,,,
B07HK43M64,,,,,,,,,,,,,,
B07HK4NDF3,,,,,,,,,,,,,,
B07HK561X1,,,,,,,,,,,,,,
B07HK5BQWJ,,,,,,,,,,,,,,
B07HK69LST,,,,,,,,,,,,,,
B07HK6XQMB,,,,,,,,,,,,,,
B07HK6ZTWL,,,,,,,,,,,,,,
B07HK724JM,,,,,,,,,,,,,,
B07HK924TB,,,,,,,,,,,,,,
B07HKB3682,,,,,,,,,,,,,,
B07HKB4K6Q,,,,,,,,,,,,,,
B07HKJL4TF,,,,,,,,,,,,,,
B07HKMZ8H1,,,,,,,,,,,,,,
B07HKNT2JQ,,,,,,,,,,,,,,
B086T5RLN2,,,,,,,,,,,,,,
B07HK2XFXZ,,,,,,,,,,,,,,
B07HK4HBFW,,,,,,,,,,,,,,
B07HK564R4,,,,,,,,,,,,,,
B07HK5H49T,,,,,,,,,,,,,,
B07HK7BTX4,,,,,,,,,,,,,,
B07HK7FT2F,,,,,,,,,,,,,,
B07HK7PZBM,,,,,,,,,,,,,,
B07HKF36B5,,,,,,,,,,,,,,
B07HKLPWXR,,,,,,,,,,,,,,
B07HKMZ8HD,,,,,,,,,,,,,,
B07J1ML6D8,,,,,,,,,,,,,,
B086LK4L5Z,,,,,,,,,,,,,,
B07RRLS4KX,,,,,,,,,,,,,,
B07HK3SQGV,,,,,,,,,,,,,,
B07HK54TBF,,,,,,,,,,,,,,
B07HK5BWCF,,,,,,,,,,,,,,
B07HK5X5F3,,,,,,,,,,,,,,
B07HK7ZKNW,,,,,,,,,,,,,,
B07HK9FRCN,,,,,,,,,,,,,,
B07HKB8372,,,,,,,,,,,,,,
B07HKCCTQJ,,,,,,,,,,,,,,
B07J6H752K,,,,,,,,,,,,,,
B07J6HMCKG,,,,,,,,,,,,,,
B07H7XQ163,,,,,,,,,,,,,,
B086T49L23,,,,,,,,,,,,,,
B07HK4K67J,,,,,,,,,,,,,,
B07HK6NPVT,,,,,,,,,,,,,,
B07HK78W2L,,,,,,,,,,,,,,
B07HKB6H3H,,,,,,,,,,,,,,
B07J6GQT4T,,,,,,,,,,,,,,
B07RRLRMPR,,,,,,,,,,,,,,
B07H7KD13B,,,,,,,,,,,,,,
B07HK66WZ3,,,,,,,,,,,,,,
B07HK6V4B8,,,,,,,,,,,,,,
B07HK76ZGH,,,,,,,,,,,,,,
B07HK7LYLQ,,,,,,,,,,,,,,
B07HK7NBGS,,,,,,,,,,,,,,
B07HK7SW8K,,,,,,,,,,,,,,
B07HK9Q5NY,,,,,,,,,,,,,,
B07HK9T1VK,,,,,,,,,,,,,,
B07HKG2G3C,,,,,,,,,,,,,,
B07J6GGLSV,,,,,,,,,,,,,,
B07HK3R8M9,,,,,,,,,,,,,,
B07HK53GP5,,,,,,,,,,,,,,
B07HK5TXCJ,,,,,,,,,,,,,,
B07HK6YWLB,,,,,,,,,,,,,,
B07HK872RN,,,,,,,,,,,,,,
B07HK8PMCC,,,,,,,,,,,,,,
B07HKCJKFG,,,,,,,,,,,,,,
B07HKKVFYM,,,,,,,,,,,,,,
B07HKNT26M,,,,,,,,,,,,,,
B07J6FQQPH,,,,,,,,,,,,,,
B07RSNP2DX,,,,,,,,,,,,,,
B07H7JWQP3,,,,,,,,,,,,,,
B086Q6ZSP1,,,,,,,,,,,,,,
B082L42BGB,,,,,,,,,,,,,,
B07H7W84CL,,,,,,,,,,,,,,
B086LJMY59,,,,,,,,,,,,,,
B07H7WY3XM,,,,,,,,,,,,,,
B082L46CX6,,,,,,,,,,,,,,
B07HK3T4D6,,,,,,,,,,,,,,
B07HK56Z4Q,,,,,,,,,,,,,,
B07HK5BZRV,,,,,,,,,,,,,,
B07HK5XTD8,,,,,,,,,,,,,,
B07HK6FR3C,,,,,,,,,,,,,,
B07HK6J2BQ,,,,,,,,,,,,,,
B07HK6SFW5,,,,,,,,,,,,,,
B07HK6TKR6,,,,,,,,,,,,,,
B07HK7F8JL,,,,,,,,,,,,,,
B07HK7WCLV,,,,,,,,,,,,,,
B07HK8JVPH,,,,,,,,,,,,,,
B07HK8R96B,,,,,,,,,,,,,,
B07HK8W8H8,,,,,,,,,,,,,,
B07HK9139T,,,,,,,,,,,,,,
B07HK933KG,,,,,,,,,,,,,,
B07J1LKM1Y,,,,,,,,,,,,,,
B07RTTP2CN,,,,,,,,,,,,,,
B082L39DHN,,,,,,,,,,,,,,
B086Q6RC9T,,,,,,,,,,,,,,
B07H7JYJB3,,,,,,,,,,,,,,
B07J1S9VF3,,,,,,,,,,,,,,
B07HK2XDB4,,,,,,,,,,,,,,
B07HK37MN7,,,,,,,,,,,,,,
B07HK4FWP2,,,,,,,,,,,,,,
B07HK54TN5,,,,,,,,,,,,,,
B07HK61Z1Q,,,,,,,,,,,,,,
B07HK64MRG,,,,,,,,,,,,,,
B07HK6GYYV,,,,,,,,,,,,,,
B07HK6RXHM,,,,,,,,,,,,,,
B07HK6VDBD,,,,,,,,,,,,,,
B07HK922Y9,,,,,,,,,,,,,,
B07HK933KM,,,,,,,,,,,,,,
B07HK9T1VB,,,,,,,,,,,,,,
B07HKC4Z8X,,,,,,,,,,,,,,
B07HKC796C,,,,,,,,,,,,,,
B07J6F27VZ,,,,,,,,,,,,,,
B07H7WPGXK,,,,,,,,,,,,,,
B086LJWVLB,,,,,,,,,,,,,,
B082L3574F,,,,,,,,,,,,,,
B086LJT58H,,,,,,,,,,,,,,
B082L44XZ9,,,,,,,,,,,,,,
B086LJNJN7,,,,,,,,,,,,,,
B082L49WX1,,,,,,,,,,,,,,
B07H7JYTBG,,,,,,,,,,,,,,
B07HK6JQY5,,,,,,,,,,,,,,
B07HK74LGF,,,,,,,,,,,,,,
B07HK7NBG9,,,,,,,,,,,,,,
B07HK8K3WQ,,,,,,,,,,,,,,
B07J6HPM14,,,,,,,,,,,,,,
B07H7KZZPK,,,,,,,,,,,,,,
B07HK2SBPG,,,,,,,,,,,,,,
B07HK41HVS,,,,,,,,,,,,,,
B07HK4B3ZH,,,,,,,,,,,,,,
B07HK5FF67,,,,,,,,,,,,,,
B07HK6DKYV,,,,,,,,,,,,,,
B07HK79XY4,,,,,,,,,,,,,,
B07HK7NH3T,,,,,,,,,,,,,,
B07HK7R182,,,,,,,,,,,,,,
B07HK7WCM8,,,,,,,,,,,,,,
B07HK8BSYW,,,,,,,,,,,,,,
B07HK9283L,,,,,,,,,,,,,,
B07HK9DLNZ,,,,,,,,,,,,,,
B07HKH1JYV,,,,,,,,,,,,,,
B07J6HG5MD,,,,,,,,,,,,,,
B07J6HLSYP,,,,,,,,,,,,,,
B07HK62Y39,,,,,,,,,,,,,,
B07HK982T9,,,,,,,,,,,,,,
B07HKCCXH7,,,,,,,,,,,,,,
B07HKG2G1Y,,,,,,,,,,,,,,
B07J6HK6D5,,,,,,,,,,,,,,
B07RTSWMW1,,,,,,,,,,,,,,
B07HK5XW3J,,,,,,,,,,,,,,
B07HK6Z3BS,,,,,,,,,,,,,,
B07HK9NW35,,,,,,,,,,,,,,
B07J6F4SFB,,,,,,,,,,,,,,
B07J6HFVWW,,,,,,,,,,,,,,
B07HK1PWNG,,,,,,,,,,,,,,
B07HK1TK8T,,,,,,,,,,,,,,
B07HK45HGF,,,,,,,,,,,,,,
B07HK5H3H2,,,,,,,,,,,,,,
B07HK69JF5,,,,,,,,,,,,,,
B07HK927V1,,,,,,,,,,,,,,
B07HK9DLPR,,,,,,,,,,,,,,
B07HKC79K6,,,,,,,,,,,,,,
B07HKCP1MW,,,,,,,,,,,,,,
B07J6GLSRK,,,,,,,,,,,,,,
B07H7WR5JH,,,,,,,,,,,,,,
B07H7WB71L,,,,,,,,,,,,,,
B07H7LYHXY,,,,,,,,,,,,,,
B07H7X1R38,,,,,,,,,,,,,,
B07HK1TK9N,,,,,,,,,,,,,,
B07HK564R1,,,,,,,,,,,,,,
B07HK5WSZV,,,,,,,,,,,,,,
B07HK8W23L,,,,,,,,,,,,,,
B07HKCCVM3,,,,,,,,,,,,,,
B07HZ1P323,,,,,,,,,,,,,,
B07RNHB1F2,,,,,,,,,,,,,,
B07RSNQXSM,,,,,,,,,,,,,,
B07RNH8V69,,,,,,,,,,,,,,
B07RRLRZ3L,,,,,,,,,,,,,,
B07H7WBR5B,,,,,,,,,,,,,,
B08DZSP9TK,,,,,,,,,,,,,,
B086Q77VDX,,,,,,,,,,,,,,
B07H7K3KPZ,,,,,,,,,,,,,,
B07HK2XD8Z,,,,,,,,,,,,,,
B07HK3MWYY,,,,,,,,,,,,,,
B07HK4V7GB,,,,,,,,,,,,,,
B07HK4Y64T,,,,,,,,,,,,,,
B07HK7NBH2,,,,,,,,,,,,,,
B082L3J6M6,,,,,,,,,,,,,,
B082L2YQK9,,,,,,,,,,,,,,
B082L3RPJP,,,,,,,,,,,,,,
B07HK3FZ41,,,,,,,,,,,,,,
B07HK4B3ZD,,,,,,,,,,,,,,
B07HK4FWN9,,,,,,,,,,,,,,
B07HK4K67K,,,,,,,,,,,,,,
B07HK6BSW5,,,,,,,,,,,,,,
B07HK72M96,,,,,,,,,,,,,,
B07HK7SWS4,,,,,,,,,,,,,,
B07HK81WY3,,,,,,,,,,,,,,
B07HK81Y96,,,,,,,,,,,,,,
B07HKCCWTX,,,,,,,,,,,,,,
B07HK687J3,,,,,,,,,,,,,,
B07HK8SYX1,,,,,,,,,,,,,,
B07HK95PXR,,,,,,,,,,,,,,
B07HK9DR3Y,,,,,,,,,,,,,,
B07HKC52M9,,,,,,,,,,,,,,
B07RQHGX7H,,,,,,,,,,,,,,
B082L3PWJ5,,,,,,,,,,,,,,
B07HK647HK,,,,,,,,,,,,,,
B07HK6G9CF,,,,,,,,,,,,,,
B07HK7H7HC,,,,,,,,,,,,,,
B07HK7STX7,,,,,,,,,,,,,,
B07J6HHWS8,,,,,,,,,,,,,,
B086LHZP86,,,,,,,,,,,,,,
B082L31P4V,,,,,,,,,,,,,,
B07H7VSLHH,,,,,,,,,,,,,,
B07HK2X1D2,,,,,,,,,,,,,,
B07HK3B7NT,,,,,,,,,,,,,,
B07HK3MWZR,,,,,,,,,,,,,,
B07HK3W1TT,,,,,,,,,,,,,,
B07HK4NDDS,,,,,,,,,,,,,,
B07HK54MGY,,,,,,,,,,,,,,
B07HK62Y31,,,,,,,,,,,,,,
B07HK67ZG2,,,,,,,,,,,,,,
B07HK6G9DG,,,,,,,,,,,,,,
B07HK6LGVY,,,,,,,,,,,,,,
B07HK76BHN,,,,,,,,,,,,,,
B07HK8MYTB,,,,,,,,,,,,,,
B07HK923C6,,,,,,,,,,,,,,
B07HK93VFM,,,,,,,,,,,,,,
B07HKB4M2X,,,,,,,,,,,,,,
B07H7JGKPR,,,,,,,,,,,,,,
B082L3VMBZ,,,,,,,,,,,,,,
B086LJB455,,,,,,,,,,,,,,
B086Q6K15Q,,,,,,,,,,,,,,
B086T5FSN6,,,,,,,,,,,,,,
B07H7W2J7C,,,,,,,,,,,,,,
B082L44N8Z,,,,,,,,,,,,,,
B082L3KQ4Q,,,,,,,,,,,,,,
B07RQHHJKT,,,,,,,,,,,,,,
B07H7XMG9C,,,,,,,,,,,,,,
B07HK4V7G8,,,,,,,,,,,,,,
B07HK5QR9C,,,,,,,,,,,,,,
B07HK6WKYJ,,,,,,,,,,,,,,
B07HK73ZR9,,,,,,,,,,,,,,
B07HK78HKQ,,,,,,,,,,,,,,
B07H7VCSD3,,,,,,,,,,,,,,
B07HK2SC61,,,,,,,,,,,,,,
B07HK3BV8X,,,,,,,,,,,,,,
B07HK5BWCV,,,,,,,,,,,,,,
B07HK5X1NF,,,,,,,,,,,,,,
B07HKC5DHQ,,,,,,,,,,,,,,
B07H7X3WS2,,,,,,,,,,,,,,
B07RQHGHHM,,,,,,,,,,,,,,
B07HK15DVS,,,,,,,,,,,,,,
B07HK26CZG,,,,,,,,,,,,,,
B07HK4ML34,,,,,,,,,,,,,,
B07HK4VFF4,,,,,,,,,,,,,,
B07HK54MGX,,,,,,,,,,,,,,
B07HK5TBDC,,,,,,,,,,,,,,
B07HK5XW4J,,,,,,,,,,,,,,
B07HK69P4B,,,,,,,,,,,,,,
B07HK79KF8,,,,,,,,,,,,,,
B07HK7R3GH,,,,,,,,,,,,,,
B07HK8KMX5,,,,,,,,,,,,,,
B07HK9D2TJ,,,,,,,,,,,,,,
B07J6FLYZK,,,,,,,,,,,,,,
B07J6HQHMZ,,,,,,,,,,,,,,
B07J6HQWQM,,,,,,,,,,,,,,
B07H7XN8SW,,,,,,,,,,,,,,
B07H7X38QG,,,,,,,,,,,,,,
B07H7XCJ4R,,,,,,,,,,,,,,
B082L3JN1F,,,,,,,,,,,,,,
B07XYB3FM7,,,,,,,,,,,,,,
B082L3PBLN,,,,,,,,,,,,,,
B07HK1QFKR,,,,,,,,,,,,,,
B07HK41HVW,,,,,,,,,,,,,,
B07HK4B3ZS,,,,,,,,,,,,,,
B07HK4K67P,,,,,,,,,,,,,,
B07HK4Q7VZ,,,,,,,,,,,,,,
B07HK5FLT7,,,,,,,,,,,,,,
B07HK5TBCJ,,,,,,,,,,,,,,
B07HK5TXDK,,,,,,,,,,,,,,
B07HK6H4PM,,,,,,,,,,,,,,
B07HK6J7MD,,,,,,,,,,,,,,
B07HK7DN3W,,,,,,,,,,,,,,
B07HK7V9YL,,,,,,,,,,,,,,
B07HKCCV9H,,,,,,,,,,,,,,
B07HKMW6RB,,,,,,,,,,,,,,
B07J6GYBZ7,,,,,,,,,,,,,,
B07J16M3R2,,,,,,,,,,,,,,
B07J1LKMBC,,,,,,,,,,,,,,
B07H7WL5DK,,,,,,,,,,,,,,
B086Q5SR2D,,,,,,,,,,,,,,
B07H8PHWRB,,,,,,,,,,,,,,
B07HK4T4NV,,,,,,,,,,,,,,
B07HK5BZT3,,,,,,,,,,,,,,
B07HK5FRRV,,,,,,,,,,,,,,
B07HK5WV3H,,,,,,,,,,,,,,
B07HK6DKZG,,,,,,,,,,,,,,
B07HK6J512,,,,,,,,,,,,,,
B07HK6X13P,,,,,,,,,,,,,,
B07HK74LFZ,,,,,,,,,,,,,,
B07HK76ZG2,,,,,,,,,,,,,,
B07HK9GDXR,,,,,,,,,,,,,,
B07HK9RBQP,,,,,,,,,,,,,,
B07HKB7ZXC,,,,,,,,,,,,,,
B07HKCCTRR,,,,,,,,,,,,,,
B07HKCJKDS,,,,,,,,,,,,,,
B07J6H18MT,,,,,,,,,,,,,,
B086LK3565,,,,,,,,,,,,,,
B082L3NCTX,,,,,,,,,,,,,,
B07H7XDZTX,,,,,,,,,,,,,,
B07RPK2W4H,,,,,,,,,,,,,,
B07RPK2KLH,,,,,,,,,,,,,,
B07HK37S2T,,,,,,,,,,,,,,
B07HK4B3YH,,,,,,,,,,,,,,
B07HK4CW7W,,,,,,,,,,,,,,
B07HK572CP,,,,,,,,,,,,,,
B07HK5GDG4,,,,,,,,,,,,,,
B07HK5H4C4,,,,,,,,,,,,,,
B07HK6H4PB,,,,,,,,,,,,,,
B07HK6L9F7,,,,,,,,,,,,,,
B07HK6QFSJ,,,,,,,,,,,,,,
B07HK79KFG,,,,,,,,,,,,,,
B07HK8CG3K,,,,,,,,,,,,,,
B07HK92495,,,,,,,,,,,,,,
B07HKC5DHC,,,,,,,,,,,,,,
B07HKG2XRS,,,,,,,,,,,,,,
B07HKNT2K8,,,,,,,,,,,,,,
B07HK35QVL,,,,,,,,,,,,,,
B07HK44SN3,,,,,,,,,,,,,,
B07HK511Q1,,,,,,,,,,,,,,
B07HK5CM4H,,,,,,,,,,,,,,
B07HK5GDGG,,,,,,,,,,,,,,
B07HK5JS8M,,,,,,,,,,,,,,
B07HK5ZQ31,,,,,,,,,,,,,,
B07HK6J4ZQ,,,,,,,,,,,,,,
B07HK792BZ,,,,,,,,,,,,,,
B07HK7R3GQ,,,,,,,,,,,,,,
B07HK81WXP,,,,,,,,,,,,,,
B07HK8BSZ8,,,,,,,,,,,,,,
B07HK8WL1C,,,,,,,,,,,,,,
B07HK93VCY,,,,,,,,,,,,,,
B07J6FPD1X,,,,,,,,,,,,,,
B07HK37MMH,,,,,,,,,,,,,,
B07HK4LTCY,,,,,,,,,,,,,,
B07HK7X77H,,,,,,,,,,,,,,
B07HK8K749,,,,,,,,,,,,,,
B07HK8R79B,,,,,,,,,,,,,,
B07HK9271Z,,,,,,,,,,,,,,
B07HKB1BG9,,,,,,,,,,,,,,
B07HKC795Z,,,,,,,,,,,,,,
B07J6GPPP2,,,,,,,,,,,,,,
B07J6HQWQQ,,,,,,,,,,,,,,
B07HK1TK9B,,,,,,,,,,,,,,
B07HK26XLR,,,,,,,,,,,,,,
B07HK3634M,,,,,,,,,,,,,,
B07HK4FV6H,,,,,,,,,,,,,,
B07HK4LZ8G,,,,,,,,,,,,,,
B07HK4NV6Z,,,,,,,,,,,,,,
B07HK5163Q,,,,,,,,,,,,,,
B07HK5BB28,,,,,,,,,,,,,,
B07HK6J2BZ,,,,,,,,,,,,,,
B07HK6QFT5,,,,,,,,,,,,,,
B07HK6XW4S,,,,,,,,,,,,,,
B07HK84LJS,,,,,,,,,,,,,,
B07HK9CF2R,,,,,,,,,,,,,,
B07HKJHX4L,,,,,,,,,,,,,,
B07J6GHKZ5,,,,,,,,,,,,,,
B07HK51DM2,,,,,,,,,,,,,,
B07HK564Q2,,,,,,,,,,,,,,
B07HK5QR9P,,,,,,,,,,,,,,
B07HK6D6XK,,,,,,,,,,,,,,
B07HK6VDBK,,,,,,,,,,,,,,
B07HK81Y88,,,,,,,,,,,,,,
B07HK8FQNM,,,,,,,,,,,,,,
B07HK8WL1T,,,,,,,,,,,,,,
B07HKCBPDK,,,,,,,,,,,,,,
B07HKG2G2M,,,,,,,,,,,,,,
B086Q772JL,,,,,,,,,,,,,,
B07H7WWXFD,,,,,,,,,,,,,,
B07HK26CWW,,,,,,,,,,,,,,
B07HK3BNQZ,,,,,,,,,,,,,,
B07HK511QK,,,,,,,,,,,,,,
B07HK657JF,,,,,,,,,,,,,,
B07HK69JCP,,,,,,,,,,,,,,
B07HK78W2J,,,,,,,,,,,,,,
B07HK792BY,,,,,,,,,,,,,,
B07HK8MWBS,,,,,,,,,,,,,,
B07HKB369B,,,,,,,,,,,,,,
B07HKCBJBD,,,,,,,,,,,,,,
B07HKLPWX9,,,,,,,,,,,,,,
B07J6F2FWJ,,,,,,,,,,,,,,
B07J6GHVDN,,,,,,,,,,,,,,
B07J6GKGL7,,,,,,,,,,,,,,
B07J6H9MK8,,,,,,,,,,,,,,
B07HK574D9,,,,,,,,,,,,,,
B07HK7H7GV,,,,,,,,,,,,,,
B07HK924RN,,,,,,,,,,,,,,
B07HK9V4JG,,,,,,,,,,,,,,
B07HKDP388,,,,,,,,,,,,,,
B07H7WDPMN,,,,,,,,,,,,,,
B07RQHH49B,,,,,,,,,,,,,,
B07H7W4HZ7,,,,,,,,,,,,,,
B07J1G4TKX,,,,,,,,,,,,,,
B07H7XCGHR,,,,,,,,,,,,,,
B082L3F9FS,,,,,,,,,,,,,,
B07RSNRXN4,,,,,,,,,,,,,,
B082L3MC84,,,,,,,,,,,,,,
B086T5MHXV,,,,,,,,,,,,,,
B07H7RLSRR,,,,,,,,,,,,,,
B07H7WPPWK,,,,,,,,,,,,,,
B07HK763VG,,,,,,,,,,,,,,
B07HK8W22L,,,,,,,,,,,,,,
B07HK8WKZM,,,,,,,,,,,,,,
B07HK91394,,,,,,,,,,,,,,
B07HK927VT,,,,,,,,,,,,,,
B07H7KX8Y4,,,,,,,,,,,,,,
B07XY7KV2F,,,,,,,,,,,,,,
B07HK3LXRD,,,,,,,,,,,,,,
B07HK5M262,,,,,,,,,,,,,,
B07HK8423V,,,,,,,,,,,,,,
B07HK8R96T,,,,,,,,,,,,,,
B07HKNT264,,,,,,,,,,,,,,
B082L48KBH,,,,,,,,,,,,,,
B07H7XQCVK,,,,,,,,,,,,,,
B07HK4L17H,,,,,,,,,,,,,,
B07HK5942Y,,,,,,,,,,,,,,
B07HK5BB29,,,,,,,,,,,,,,
B07HKCKFXQ,,,,,,,,,,,,,,
B07HKFFP33,,,,,,,,,,,,,,
B07H85K887,,,,,,,,,,,,,,
B086Q77RF6,,,,,,,,,,,,,,
B07RRLRFBF,,,,,,,,,,,,,,
B07H7KKCCT,,,,,,,,,,,,,,
B07J1B5CD3,,,,,,,,,,,,,,
B086Q6H89D,,,,,,,,,,,,,,
B07H7W3GFL,,,,,,,,,,,,,,
B07J1K79ZJ,,,,,,,,,,,,,,
B07HK5B6MR,,,,,,,,,,,,,,
B07HK647H2,,,,,,,,,,,,,,
B07HK6SDLN,,,,,,,,,,,,,,
B07HK924RQ,,,,,,,,,,,,,,
B07HKC79KN,,,,,,,,,,,,,,
B07RNH84HD,,,,,,,,,,,,,,
B07HK2GFCJ,,,,,,,,,,,,,,
B07HK5PTC5,,,,,,,,,,,,,,
B07HK6VR7M,,,,,,,,,,,,,,
B07HK922XW,,,,,,,,,,,,,,
B07HK922Y1,,,,,,,,,,,,,,
B07HK9VH7F,,,,,,,,,,,,,,
B07HKBKYG7,,,,,,,,,,,,,,
B07HKC76FC,,,,,,,,,,,,,,
B07J6F2FWW,,,,,,,,,,,,,,
B07J6HNLZN,,,,,,,,,,,,,,
B086T629DM,,,,,,,,,,,,,,
B082L45PYQ,,,,,,,,,,,,,,
B07HK3MWZV,,,,,,,,,,,,,,
B07HK4B3Z9,,,,,,,,,,,,,,
B07HK4LZ8D,,,,,,,,,,,,,,
B07HK4Y983,,,,,,,,,,,,,,
B07HK55SV6,,,,,,,,,,,,,,
B07HK5KWVM,,,,,,,,,,,,,,
B07HK5ZQ2P,,,,,,,,,,,,,,
B07HK62Y38,,,,,,,,,,,,,,
B07HK6F92X,,,,,,,,,,,,,,
B07HK7YZY5,,,,,,,,,,,,,,
B07HK8WKZY,,,,,,,,,,,,,,
B07HK922QM,,,,,,,,,,,,,,
B07HK96GLP,,,,,,,,,,,,,,
B07HKGLQTH,,,,,,,,,,,,,,
B07J6HK6F4,,,,,,,,,,,,,,
B086LHB7TD,,,,,,,,,,,,,,
B07H7WDKXD,,,,,,,,,,,,,,
B086LJYBH3,,,,,,,,,,,,,,
B07RSNQWTT,,,,,,,,,,,,,,
B082L42ZDX,,,,,,,,,,,,,,
B01BMI23XU,,,,,,,,,,,,,,
B07RRLSTDL,,,,,,,,,,,,,,
B01A242FMO,,,,,,,,,,,,,,
B07H7X8LVF,,,,,,,,,,,,,,
B01A242R90,,,,,,,,,,,,,,
B082L3HHML,,,,,,,,,,,,,,
B07RSNQCQL,,,,,,,,,,,,,,
B082L31ZQJ,,,,,,,,,,,,,,
B07HK4TCDZ,,,,,,,,,,,,,,
B07HK8JXFH,,,,,,,,,,,,,,
B07HK9DLNT,,,,,,,,,,,,,,
B07HK9FRCM,,,,,,,,,,,,,,
B07J6F2FWP,,,,,,,,,,,,,,
B07H7X4KMG,,,,,,,,,,,,,,
B086T5XYZP,,,,,,,,,,,,,,
B07HK36D1T,,,,,,,,,,,,,,
B07HK3W1TF,,,,,,,,,,,,,,
B07HK41HWJ,,,,,,,,,,,,,,
B07HK57VXS,,,,,,,,,,,,,,
B07HK6QFS8,,,,,,,,,,,,,,
B07HK6R2BF,,,,,,,,,,,,,,
B07HK6SDKW,,,,,,,,,,,,,,
B07HK8KMXW,,,,,,,,,,,,,,
B07HK8PJZB,,,,,,,,,,,,,,
B07HK9FFTF,,,,,,,,,,,,,,
B07HK9M9XY,,,,,,,,,,,,,,
B07HKBLJ1C,,,,,,,,,,,,,,
B07HKC4ZB2,,,,,,,,,,,,,,
B07HKG3CR7,,,,,,,,,,,,,,
B07HKGNDS3,,,,,,,,,,,,,,
B082L34D63,,,,,,,,,,,,,,
B082L3NC6Q,,,,,,,,,,,,,,
B07H7VMLS9,,,,,,,,,,,,,,
B07H7WWL6Z,,,,,,,,,,,,,,
B082L435P7,,,,,,,,,,,,,,
B07HK3T4WV,,,,,,,,,,,,,,
B07HK4MFLD,,,,,,,,,,,,,,
B07HK5B91X,,,,,,,,,,,,,,
B07HK5NPCD,,,,,,,,,,,,,,
B07HK5NPCZ,,,,,,,,,,,,,,
B07HK6BSVK,,,,,,,,,,,,,,
B07HK79FCW,,,,,,,,,,,,,,
B07HK7XC6Y,,,,,,,,,,,,,,
B07HK85PFX,,,,,,,,,,,,,,
B07HK8K3VX,,,,,,,,,,,,,,
B07HK9XNQ6,,,,,,,,,,,,,,
B07HKB4K77,,,,,,,,,,,,,,
B07HKFT9HJ,,,,,,,,,,,,,,
B07HKG1ZRY,,,,,,,,,,,,,,
B07HKMZ4K2,,,,,,,,,,,,,,
B082L473HB,,,,,,,,,,,,,,
B082L3MC85,,,,,,,,,,,,,,
B07HK37S29,,,,,,,,,,,,,,
B07HK3ZRG5,,,,,,,,,,,,,,
B07HK4T4NB,,,,,,,,,,,,,,
B07HK5CJ8Q,,,,,,,,,,,,,,
B07HK6YWMP,,,,,,,,,,,,,,
B07HK78HK8,,,,,,,,,,,,,,
B07HK7YZYR,,,,,,,,,,,,,,
B07HK81M2F,,,,,,,,,,,,,,
B07HK82Q8J,,,,,,,,,,,,,,
B07HK8JXDW,,,,,,,,,,,,,,
B07HKDPT9S,,,,,,,,,,,,,,
B07HKF369Z,,,,,,,,,,,,,,
B07HKLMPXH,,,,,,,,,,,,,,
B07J6H292M,,,,,,,,,,,,,,
B07J6HGS1B,,,,,,,,,,,,,,
B01BMI21RS,,,,,,,,,,,,,,
B07HK1TKB8,,,,,,,,,,,,,,
B07HK3871Q,,,,,,,,,,,,,,
B07HK45HG7,,,,,,,,,,,,,,
B07HK5H4BQ,,,,,,,,,,,,,,
B07HK6Z3BN,,,,,,,,,,,,,,
B07HK7R18D,,,,,,,,,,,,,,
B07HK8MVH9,,,,,,,,,,,,,,
B07HK8PMC5,,,,,,,,,,,,,,
B07HKH1JYD,,,,,,,,,,,,,,
B07HKMZ3B9,,,,,,,,,,,,,,
B07H7WRPQ2,,,,,,,,,,,,,,
B07H8452F9,,,,,,,,,,,,,,
B07HK8MWCJ,,,,,,,,,,,,,,
B07HK8W8FS,,,,,,,,,,,,,,
B07HK8WL2N,,,,,,,,,,,,,,
B07HKG398W,,,,,,,,,,,,,,
B07J6H6FPR,,,,,,,,,,,,,,
B07HK2QRL2,,,,,,,,,,,,,,
B07HK564QJ,,,,,,,,,,,,,,
B07HK687HT,,,,,,,,,,,,,,
B07HK9RBS2,,,,,,,,,,,,,,
B07J6F3H5M,,,,,,,,,,,,,,
B07HK146RR,,,,,,,,,,,,,,
B07HK3KNB7,,,,,,,,,,,,,,
B07HK574CV,,,,,,,,,,,,,,
B07HK5VBNH,,,,,,,,,,,,,,
B07HK5WT1W,,,,,,,,,,,,,,
B07HK6FG4D,,,,,,,,,,,,,,
B07HK6NRWW,,,,,,,,,,,,,,
B07HK78W2N,,,,,,,,,,,,,,
B07HK8CN6L,,,,,,,,,,,,,,
B07HK92CDG,,,,,,,,,,,,,,
B07HK9Y6CQ,,,,,,,,,,,,,,
B07HKB2HR9,,,,,,,,,,,,,,
B07HKB4M3B,,,,,,,,,,,,,,
B07HKNT4B2,,,,,,,,,,,,,,
B07J6H74ZT,,,,,,,,,,,,,,
B07H7WRC9V,,,,,,,,,,,,,,
B07RNH954Q,,,,,,,,,,,,,,
B086Q6G71R,,,,,,,,,,,,,,
B07J1L4862,,,,,,,,,,,,,,
B07H7VHHJQ,,,,,,,,,,,,,,
B07H7XCWY8,,,,,,,,,,,,,,
B07RNH8TJW,,,,,,,,,,,,,,
B07H7W86VY,,,,,,,,,,,,,,
B07RPK26R6,,,,,,,,,,,,,,
B082L2PRZP,,,,,,,,,,,,,,
B018VNTQH0,,,,,,,,,,,,,,
B07XY8X3LZ,,,,,,,,,,,,,,
B07H7XCG37,,,,,,,,,,,,,,
B07H7Y9HZN,,,,,,,,,,,,,,
B086LJMX4C,,,,,,,,,,,,,,
B07HK35QTN,,,,,,,,,,,,,,
B07HK36353,,,,,,,,,,,,,,
B07HK3RG4N,,,,,,,,,,,,,,
B07HK54ZSS,,,,,,,,,,,,,,
B07HK5ZQ2G,,,,,,,,,,,,,,
B07HK68MMN,,,,,,,,,,,,,,
B07HK92525,,,,,,,,,,,,,,
B07HK92BML,,,,,,,,,,,,,,
B07HKDP37R,,,,,,,,,,,,,,
B07HKFFP3N,,,,,,,,,,,,,,
B07HK36D1S,,,,,,,,,,,,,,
B07HK5B91F,,,,,,,,,,,,,,
B07HK5TN87,,,,,,,,,,,,,,
B07HK6BCDQ,,,,,,,,,,,,,,
B07HK9V4JX,,,,,,,,,,,,,,
B086T5QT9D,,,,,,,,,,,,,,
B086LJWVL9,,,,,,,,,,,,,,
B01ACI39ZM,,,,,,,,,,,,,,
B07HK4Q7VJ,,,,,,,,,,,,,,
B07HK4T6XH,,,,,,,,,,,,,,
B07HK4W6L5,,,,,,,,,,,,,,
B07HK69SFL,,,,,,,,,,,,,,
B07HK7X78N,,,,,,,,,,,,,,
B07HK7YZ3J,,,,,,,,,,,,,,
B07HK8CXD5,,,,,,,,,,,,,,
B07HK8K752,,,,,,,,,,,,,,
B07HK8R96Q,,,,,,,,,,,,,,
B07HK9CF1Y,,,,,,,,,,,,,,
B07HKCKFXC,,,,,,,,,,,,,,
B07J6GYBY8,,,,,,,,,,,,,,
B07J6H18MR,,,,,,,,,,,,,,
B07J6HPM1J,,,,,,,,,,,,,,
B07H7JKT3J,,,,,,,,,,,,,,
B07H7MJR7K,,,,,,,,,,,,,,
B082L3Z9M6,,,,,,,,,,,,,,
B07HK43M6J,,,,,,,,,,,,,,
B07HK7D2KN,,,,,,,,,,,,,,
B07HK8JVP5,,,,,,,,,,,,,,
B07HKC52MG,,,,,,,,,,,,,,
B07J6FTVCW,,,,,,,,,,,,,,
B082L2XCWP,,,,,,,,,,,,,,
B07J1GKZ8B,,,,,,,,,,,,,,
B082L3YGBN,,,,,,,,,,,,,,
B086T5F8BG,,,,,,,,,,,,,,
B07H7JQY5T,,,,,,,,,,,,,,
B07H7WSBFR,,,,,,,,,,,,,,
B086LHFG4M,,,,,,,,,,,,,,
B018VNTV02,,,,,,,,,,,,,,
B082L46599,,,,,,,,,,,,,,
B07J1DPRYF,,,,,,,,,,,,,,
B07RTR33T9,,,,,,,,,,,,,,
B01A242D5I,,,,,,,,,,,,,,
B07H7VC7VF,,,,,,,,,,,,,,
B07H7XWPZM,,,,,,,,,,,,,,
B07H7JYTY4,,,,,,,,,,,,,,
B07H7WRYTH,,,,,,,,,,,,,,
B07RQHGPRJ,,,,,,,,,,,,,,
B086T4WJ89,,,,,,,,,,,,,,
B07HK43M68,,,,,,,,,,,,,,
B07HK66SV4,,,,,,,,,,,,,,
B07HK6L9FT,,,,,,,,,,,,,,
B07HK6MKJC,,,,,,,,,,,,,,
B07HK6VYZ7,,,,,,,,,,,,,,
B07HK7DN3S,,,,,,,,,,,,,,
B07HK926R4,,,,,,,,,,,,,,
B07HK9284H,,,,,,,,,,,,,,
B07HK9V4JJ,,,,,,,,,,,,,,
B07HK9V586,,,,,,,,,,,,,,
B07HK9ZYK8,,,,,,,,,,,,,,
B07HKC5DJF,,,,,,,,,,,,,,
B07HKCCWDS,,,,,,,,,,,,,,
B07HKCKFYN,,,,,,,,,,,,,,
B07J6HPJC8,,,,,,,,,,,,,,
B01A242NAI,,,,,,,,,,,,,,
B07RPK39PC,,,,,,,,,,,,,,
B086Q5V1HT,,,,,,,,,,,,,,
B07RQHJQV5,,,,,,,,,,,,,,
B07H7XCM6C,,,,,,,,,,,,,,
B07RNHB7TF,,,,,,,,,,,,,,
B082L3RNNH,,,,,,,,,,,,,,
B082L3L6X7,,,,,,,,,,,,,,
B07HK3MWYH,,,,,,,,,,,,,,
B07HK4TBD6,,,,,,,,,,,,,,
B07HK8424G,,,,,,,,,,,,,,
B07HK8RVJC,,,,,,,,,,,,,,
B07HKNT49S,,,,,,,,,,,,,,
B07HK3VYNG,,,,,,,,,,,,,,
B07HK45VHV,,,,,,,,,,,,,,
B07HK62Q69,,,,,,,,,,,,,,
B07HK6DKYY,,,,,,,,,,,,,,
B07HK6GFWD,,,,,,,,,,,,,,
B07HK6WXNX,,,,,,,,,,,,,,
B07HK766Q7,,,,,,,,,,,,,,
B07HK7YYLY,,,,,,,,,,,,,,
B07HK81WZ8,,,,,,,,,,,,,,
B07HK85PG9,,,,,,,,,,,,,,
B07HK8K75Q,,,,,,,,,,,,,,
B07HKB6YF6,,,,,,,,,,,,,,
B07HKDNLR3,,,,,,,,,,,,,,
B07HKG1ZSC,,,,,,,,,,,,,,
B07J6H751D,,,,,,,,,,,,,,
B01A2420M4,,,,,,,,,,,,,,
B082L4B5WS,,,,,,,,,,,,,,
B082L3FSHZ,,,,,,,,,,,,,,
B086Q73395,,,,,,,,,,,,,,
B07HK2SC66,,,,,,,,,,,,,,
B07HK3871S,,,,,,,,,,,,,,
B07HK4L18D,,,,,,,,,,,,,,
B07HK56Z4R,,,,,,,,,,,,,,
B07HK6XZGY,,,,,,,,,,,,,,
B07HK7HB9R,,,,,,,,,,,,,,
B07HK85PGB,,,,,,,,,,,,,,
B07HK9D2V1,,,,,,,,,,,,,,
B07HK9FRCP,,,,,,,,,,,,,,
B07HKCC6XT,,,,,,,,,,,,,,
B07HKCP83P,,,,,,,,,,,,,,
B07HKMZ4KB,,,,,,,,,,,,,,
B07J6F2FW4,,,,,,,,,,,,,,
B07J6GPPPL,,,,,,,,,,,,,,
B07J6GWYFK,,,,,,,,,,,,,,
B07HK3F1JM,,,,,,,,,,,,,,
B07HK6GYXX,,,,,,,,,,,,,,
B07HK6SDLS,,,,,,,,,,,,,,
B07HK7XRR7,,,,,,,,,,,,,,
B07HKCCRM5,,,,,,,,,,,,,,
B07XY95MD4,,,,,,,,,,,,,,
B07H7XCMHR,,,,,,,,,,,,,,
B07HK53KKS,,,,,,,,,,,,,,
B07HK56Z52,,,,,,,,,,,,,,
B07HK57YXD,,,,,,,,,,,,,,
B07HK5FQHT,,,,,,,,,,,,,,
B07HK63ZBY,,,,,,,,,,,,,,
B07HK7BN4L,,,,,,,,,,,,,,
B07HK8BSZQ,,,,,,,,,,,,,,
B07HK8K661,,,,,,,,,,,,,,
B07HK8R5ML,,,,,,,,,,,,,,
B07HK8WL13,,,,,,,,,,,,,,
B07HK929HH,,,,,,,,,,,,,,
B07HKCBPDS,,,,,,,,,,,,,,
B07HKCJJN8,,,,,,,,,,,,,,
B07J6H18MD,,,,,,,,,,,,,,
B07J6HFVWZ,,,,,,,,,,,,,,
B07H7Y2XVL,,,,,,,,,,,,,,
B07H7XCPB4,,,,,,,,,,,,,,
B07H7VJRQK,,,,,,,,,,,,,,
B086LH6YX6,,,,,,,,,,,,,,
B086T6NC26,,,,,,,,,,,,,,
B082L3PM65,,,,,,,,,,,,,,
B07HK15D44,,,,,,,,,,,,,,
B07HK2SBQ3,,,,,,,,,,,,,,
B07HK3R9GD,,,,,,,,,,,,,,
B07HK4MFMD,,,,,,,,,,,,,,
B07HK5BD8X,,,,,,,,,,,,,,
B07HK5XW3F,,,,,,,,,,,,,,
B07HK641YH,,,,,,,,,,,,,,
B07HK657JH,,,,,,,,,,,,,,
B07HK6GFV3,,,,,,,,,,,,,,
B07HK835GF,,,,,,,,,,,,,,
B07HK8R5MH,,,,,,,,,,,,,,
B07HK8SYWZ,,,,,,,,,,,,,,
B07HK922Q7,,,,,,,,,,,,,,
B07HK9LD1K,,,,,,,,,,,,,,
B07HKC5DJJ,,,,,,,,,,,,,,
B07H7Y3BKG,,,,,,,,,,,,,,
B07HK3RMR5,,,,,,,,,,,,,,
B07HK4K3YQ,,,,,,,,,,,,,,
B07HK4M2VB,,,,,,,,,,,,,,
B07HK4TBDF,,,,,,,,,,,,,,
B07HK56W6R,,,,,,,,,,,,,,
B07HK5BD8N,,,,,,,,,,,,,,
B07HK657JK,,,,,,,,,,,,,,
B07HK6CSXG,,,,,,,,,,,,,,
B07HK6J514,,,,,,,,,,,,,,
B07HK792C2,,,,,,,,,,,,,,
B07HK7FT1C,,,,,,,,,,,,,,
B07HK8BSY9,,,,,,,,,,,,,,
B07HK8C85G,,,,,,,,,,,,,,
B07HKCBK6P,,,,,,,,,,,,,,
B07J6GPPQ3,,,,,,,,,,,,,,
B086LJHGDL,,,,,,,,,,,,,,
B082L2YYPD,,,,,,,,,,,,,,
B07RQHHT1G,,,,,,,,,,,,,,
B01ACI1TAE,,,,,,,,,,,,,,
B01ACI381M,,,,,,,,,,,,,,
B07HK2GFCT,,,,,,,,,,,,,,
B07HK3871L,,,,,,,,,,,,,,
B07HK3ZY5G,,,,,,,,,,,,,,
B07HK4L541,,,,,,,,,,,,,,
B07HK733XM,,,,,,,,,,,,,,
B07HK78DWW,,,,,,,,,,,,,,
B07HK7SWS2,,,,,,,,,,,,,,
B07HKC75VY,,,,,,,,,,,,,,
B07HKC76FZ,,,,,,,,,,,,,,
B07HKCBPD7,,,,,,,,,,,,,,
B07J6H6FPL,,,,,,,,,,,,,,
B07J6HFVW3,,,,,,,,,,,,,,
B07J6HFVXC,,,,,,,,,,,,,,
B07HK26XLY,,,,,,,,,,,,,,
B07HK2X1BT,,,,,,,,,,,,,,
B07HK2XMVP,,,,,,,,,,,,,,
B07HK66WYP,,,,,,,,,,,,,,
B07HK6JNZ4,,,,,,,,,,,,,,
B07HK6JQYG,,,,,,,,,,,,,,
B07HK6KKQK,,,,,,,,,,,,,,
B07HK6WWC3,,,,,,,,,,,,,,
B07HK81W1J,,,,,,,,,,,,,,
B07HKB8389,,,,,,,,,,,,,,
B07HKG2XRK,,,,,,,,,,,,,,
B07HKMW6QC,,,,,,,,,,,,,,
B07HKMZ3BN,,,,,,,,,,,,,,
B07HKMZ4JD,,,,,,,,,,,,,,
B07J6FQQP9,,,,,,,,,,,,,,
B086Q6LWLL,,,,,,,,,,,,,,
B07H7VZSZC,,,,,,,,,,,,,,
B086Q6ZQC1,,,,,,,,,,,,,,
B07HK53KKX,,,,,,,,,,,,,,
B07HK5H49Y,,,,,,,,,,,,,,
B07HK5LD3K,,,,,,,,,,,,,,
B07HK63RV7,,,,,,,,,,,,,,
B07HK6V5ZF,,,,,,,,,,,,,,
B07HK7ND5G,,,,,,,,,,,,,,
B07HK9237T,,,,,,,,,,,,,,
B07HK923CZ,,,,,,,,,,,,,,
B07HK9DR4S,,,,,,,,,,,,,,
B07HKDNLS4,,,,,,,,,,,,,,
B07HKFWXNF,,,,,,,,,,,,,,
B07HKMW6R4,,,,,,,,,,,,,,
B07J6FLYYR,,,,,,,,,,,,,,
B07J6HHN48,,,,,,,,,,,,,,
B07J6HQWQ8,,,,,,,,,,,,,,
B01BF9BPLW,,,,,,,,,,,,,,
B082L3K43T,,,,,,,,,,,,,,
B07RRLR5SD,,,,,,,,,,,,,,
B07HK2SBQ2,,,,,,,,,,,,,,
B07HK4T6XT,,,,,,,,,,,,,,
B07HK53FC6,,,,,,,,,,,,,,
B07HK68MLW,,,,,,,,,,,,,,
B07HK6D6XR,,,,,,,,,,,,,,
B08DZZNHLG,,,,,,,,,,,,,,
B07RQHHRK9,,,,,,,,,,,,,,
B07HK3871J,,,,,,,,,,,,,,
B07HK45HFW,,,,,,,,,,,,,,
B07HK4TBC9,,,,,,,,,,,,,,
B07HK687J1,,,,,,,,,,,,,,
B07HK6MF6Z,,,,,,,,,,,,,,
B07HK6TLST,,,,,,,,,,,,,,
B07HK6XZG8,,,,,,,,,,,,,,
B07HK73KMR,,,,,,,,,,,,,,
B07HK7BN42,,,,,,,,,,,,,,
B07HK7F8JS,,,,,,,,,,,,,,
B07HK7Y8J1,,,,,,,,,,,,,,
B07HK835FS,,,,,,,,,,,,,,
B07HK8CN6J,,,,,,,,,,,,,,
B07HK8K3V2,,,,,,,,,,,,,,
B07HKB7ZY1,,,,,,,,,,,,,,
B07RPK2448,,,,,,,,,,,,,,
B086Q6V522,,,,,,,,,,,,,,
B07RTTXR8X,,,,,,,,,,,,,,
B07H7VGYZC,,,,,,,,,,,,,,
B086LJQD4P,,,,,,,,,,,,,,
B07HK45FJR,,,,,,,,,,,,,,
B07HK5YKD9,,,,,,,,,,,,,,
B07HK7V9YP,,,,,,,,,,,,,,
B07HK8W8FK,,,,,,,,,,,,,,
B07HK8WKZN,,,,,,,,,,,,,,
B07RNH8RQZ,,,,,,,,,,,,,,
B086T59VJ3,,,,,,,,,,,,,,
B07H7V6JCG,,,,,,,,,,,,,,
B082L3K541,,,,,,,,,,,,,,
B01A242AQA,,,,,,,,,,,,,,
B07RTRVJPK,,,,,,,,,,,,,,
B07RNH9JQV,,,,,,,,,,,,,,
B07H7VQNKW,,,,,,,,,,,,,,
B07H7XDPZ3,,,,,,,,,,,,,,
B07H7XX9ZJ,,,,,,,,,,,,,,
B07HK5NPCK,,,,,,,,,,,,,,
B07HK8B1ZY,,,,,,,,,,,,,,
B07HK8MVG3,,,,,,,,,,,,,,
B07HKG3CR5,,,,,,,,,,,,,,
B07J6F1Q56,,,,,,,,,,,,,,
B086Q65MFG,,,,,,,,,,,,,,
B082L3PBF7,,,,,,,,,,,,,,
B07HK41ZKN,,,,,,,,,,,,,,
B07HK54ZT3,,,,,,,,,,,,,,
B07HK6HMB1,,,,,,,,,,,,,,
B07HK6QSQ9,,,,,,,,,,,,,,
B07HK7R18F,,,,,,,,,,,,,,
B07HK81WYN,,,,,,,,,,,,,,
B07HK8CXF1,,,,,,,,,,,,,,
B07HK91ZV8,,,,,,,,,,,,,,
B07HK924T5,,,,,,,,,,,,,,
B07J6FQQN8,,,,,,,,,,,,,,
B086Q6Y9Q2,,,,,,,,,,,,,,
B018VNTLDY,,,,,,,,,,,,,,
B07XM87FSN,,,,,,,,,,,,,,
B07H7VQHHK,,,,,,,,,,,,,,
B086Q6GZ5C,,,,,,,,,,,,,,
B082L2VXMJ,,,,,,,,,,,,,,
B082L3FJJL,,,,,,,,,,,,,,
B018VNTGCU,,,,,,,,,,,,,,
B01A241X4U,,,,,,,,,,,,,,
B07RPK21KS,,,,,,,,,,,,,,
B07H7WKK7Y,,,,,,,,,,,,,,
B07H7X3N9V,,,,,,,,,,,,,,
B07H7XH4W5,,,,,,,,,,,,,,
B086T5SP8S,,,,,,,,,,,,,,
B07HK72K78,,,,,,,,,,,,,,
B07HK81VZ2,,,,,,,,,,,,,,
B07HK8DTY7,,,,,,,,,,,,,,
B07HK8FGPD,,,,,,,,,,,,,,
B07HK922XD,,,,,,,,,,,,,,
B018VNTBXE,,,,,,,,,,,,,,
B07HK2SBPT,,,,,,,,,,,,,,
B07HK45VHY,,,,,,,,,,,,,,
B07HK4RL3K,,,,,,,,,,,,,,
B07HK4Y993,,,,,,,,,,,,,,
B07HK561VX,,,,,,,,,,,,,,
B07HK61WB8,,,,,,,,,,,,,,
B07HK6MYKV,,,,,,,,,,,,,,
B07HK6ZTWN,,,,,,,,,,,,,,
B07HK8B1Z1,,,,,,,,,,,,,,
B07HK8WCSY,,,,,,,,,,,,,,
B07HK8WL1W,,,,,,,,,,,,,,
B07HK924L3,,,,,,,,,,,,,,
B07HK945MB,,,,,,,,,,,,,,
B07HK96GLQ,,,,,,,,,,,,,,
B07HKFFJLS,,,,,,,,,,,,,,
B018VNT72Y,,,,,,,,,,,,,,
B086LJH7BB,,,,,,,,,,,,,,
B07HK67F2P,,,,,,,,,,,,,,
B07HK6XW56,,,,,,,,,,,,,,
B07HK7DN44,,,,,,,,,,,,,,
B07HK8JVPD,,,,,,,,,,,,,,
B07HK8S394,,,,,,,,,,,,,,
B07RQHJJY6,,,,,,,,,,,,,,
B07HK3MWZN,,,,,,,,,,,,,,
B07HK44SN7,,,,,,,,,,,,,,
B07HK54MGP,,,,,,,,,,,,,,
B07HK5ZXYX,,,,,,,,,,,,,,
B07HK6H4NJ,,,,,,,,,,,,,,
B07HK6H4P1,,,,,,,,,,,,,,
B07HK794FF,,,,,,,,,,,,,,
B07HK81M23,,,,,,,,,,,,,,
B07HK82ZN7,,,,,,,,,,,,,,
B07HK8F7LK,,,,,,,,,,,,,,
B07HK9TM5J,,,,,,,,,,,,,,
B07HKCCV92,,,,,,,,,,,,,,
B07HKMZ4KR,,,,,,,,,,,,,,
B07J6FQJQQ,,,,,,,,,,,,,,
B07J6H752J,,,,,,,,,,,,,,
B07H7W1LYG,,,,,,,,,,,,,,
B082L2PR3T,,,,,,,,,,,,,,
B082L3J84K,,,,,,,,,,,,,,
B01BF9BMCE,,,,,,,,,,,,,,
B086Q5ZYMW,,,,,,,,,,,,,,
B07H7W2K4Z,,,,,,,,,,,,,,
B07HK2QRL4,,,,,,,,,,,,,,
B07HK3BNR2,,,,,,,,,,,,,,
B07HK4Y97X,,,,,,,,,,,,,,
B07HK5FRS3,,,,,,,,,,,,,,
B07HK5KS43,,,,,,,,,,,,,,
B07HK5ZY18,,,,,,,,,,,,,,
B07HK763WR,,,,,,,,,,,,,,
B07HK78DWD,,,,,,,,,,,,,,
B07HK7WFNM,,,,,,,,,,,,,,
B07HK7XC5L,,,,,,,,,,,,,,
B07HK894MF,,,,,,,,,,,,,,
B07HK8KMYJ,,,,,,,,,,,,,,
B07HKC7451,,,,,,,,,,,,,,
B07HKCCTRM,,,,,,,,,,,,,,
B07HKDP37T,,,,,,,,,,,,,,
B07H7WMGNW,,,,,,,,,,,,,,
B082L2CMFY,,,,,,,,,,,,,,
B082L3QPDD,,,,,,,,,,,,,,
B01ACI1R8S,,,,,,,,,,,,,,
B01ACI36E6,,,,,,,,,,,,,,
B07HK3BDXK,,,,,,,,,,,,,,
B07HK43M4S,,,,,,,,,,,,,,
B07HK44G4F,,,,,,,,,,,,,,
B07HK4CGJX,,,,,,,,,,,,,,
B07HK54ZT6,,,,,,,,,,,,,,
B07HK5FF6D,,,,,,,,,,,,,,
B07HK633XQ,,,,,,,,,,,,,,
B07HK78DVY,,,,,,,,,,,,,,
B07HK7WFMV,,,,,,,,,,,,,,
B07HK8C8J7,,,,,,,,,,,,,,
B07HK8JXDZ,,,,,,,,,,,,,,
B07HK9SFRG,,,,,,,,,,,,,,
B07HKMZ4L9,,,,,,,,,,,,,,
B086LK5JYV,,,,,,,,,,,,,,
B07H7XPBB3,,,,,,,,,,,,,,
B07H7VMD2N,,,,,,,,,,,,,,
B01ACI1HZQ,,,,,,,,,,,,,,
B01ACI2YJY,,,,,,,,,,,,,,
B07HK4W6KY,,,,,,,,,,,,,,
B07HK54ZTJ,,,,,,,,,,,,,,
B07HK5KG4Y,,,,,,,,,,,,,,
B07HK6V5YR,,,,,,,,,,,,,,
B07HK6X12L,,,,,,,,,,,,,,
B07HK6XXLM,,,,,,,,,,,,,,
B07HK7SWRR,,,,,,,,,,,,,,
B07HK7YYM3,,,,,,,,,,,,,,
B07HK8KFRN,,,,,,,,,,,,,,
B07HK8RLST,,,,,,,,,,,,,,
B07HKFXB4X,,,,,,,,,,,,,,
B07HKMZ3BL,,,,,,,,,,,,,,
B07J6HLSY5,,,,,,,,,,,,,,
B086T4Y5F6,,,,,,,,,,,,,,
B07RSNQRFS,,,,,,,,,,,,,,
B01ACI1P0S,,,,,,,,,,,,,,
B01ACI34U2,,,,,,,,,,,,,,
B07HK15DVK,,,,,,,,,,,,,,
B07HK5WT1T,,,,,,,,,,,,,,
B07HK68897,,,,,,,,,,,,,,
B07HK6JPGW,,,,,,,,,,,,,,
B07HK6KKQJ,,,,,,,,,,,,,,
B07HK7X78F,,,,,,,,,,,,,,
B07HK8JT5C,,,,,,,,,,,,,,
B07HK95Z2G,,,,,,,,,,,,,,
B07HK9T1TK,,,,,,,,,,,,,,
B07HKC4Z9G,,,,,,,,,,,,,,
B07HKCP832,,,,,,,,,,,,,,
B07J6GS3ML,,,,,,,,,,,,,,
B07J6HFVWP,,,,,,,,,,,,,,
B07HK2QRL8,,,,,,,,,,,,,,
B07HK4CJK3,,,,,,,,,,,,,,
B07HK4QL6P,,,,,,,,,,,,,,
B07HK4X55C,,,,,,,,,,,,,,
B07HK5XW3Q,,,,,,,,,,,,,,
B07HK6WW1F,,,,,,,,,,,,,,
B07HK6XZGF,,,,,,,,,,,,,,
B07HK7FT23,,,,,,,,,,,,,,
B07HK7H7HJ,,,,,,,,,,,,,,
B07HK7ND59,,,,,,,,,,,,,,
B07HK894MH,,,,,,,,,,,,,,
B07HK9284C,,,,,,,,,,,,,,
B07HK9Q472,,,,,,,,,,,,,,
B07HK9V4JV,,,,,,,,,,,,,,
B07J6FN6P9,,,,,,,,,,,,,,
B07H7VW4CR,,,,,,,,,,,,,,
B082L3XY32,,,,,,,,,,,,,,
B07RNHB5S1,,,,,,,,,,,,,,
B07RNH8YQJ,,,,,,,,,,,,,,
B082L395PN,,,,,,,,,,,,,,
B07RSNQ56M,,,,,,,,,,,,,,
B082L3C8PL,,,,,,,,,,,,,,
B07RNH96NQ,,,,,,,,,,,,,,
B07XY9J7ZN,,,,,,,,,,,,,,
B07RPK1VBR,,,,,,,,,,,,,,
B082L3NCTY,,,,,,,,,,,,,,
B07H7WQ5XC,,,,,,,,,,,,,,
B07H7Y2FQJ,,,,,,,,,,,,,,
B086Q6BCZW,,,,,,,,,,,,,,
B018VNT1ZC,,,,,,,,,,,,,,
B07RQHJ9NW,,,,,,,,,,,,,,
B086Q7CDF7,,,,,,,,,,,,,,
B018VNSWTI,,,,,,,,,,,,,,
B01A241UQ6,,,,,,,,,,,,,,
B07H7WRYT8,,,,,,,,,,,,,,
B07H7WKGCF,,,,,,,,,,,,,,
B086LK3CC4,,,,,,,,,,,,,,
B01A241RHS,,,,,,,,,,,,,,
B07RQHH8F1,,,,,,,,,,,,,,
B07H7WNVFS,,,,,,,,,,,,,,
B018VNSS2Y,,,,,,,,,,,,,,
B07H7XG59C,,,,,,,,,,,,,,
B07RVL246M,,,,,,,,,,,,,,
B082L36NZX,,,,,,,,,,,,,,
B07H7XQH1H,,,,,,,,,,,,,,
B07HK6X136,,,,,,,,,,,,,,
B07HK79X8G,,,,,,,,,,,,,,
B07HK8ZWLH,,,,,,,,,,,,,,
B07J6FMN72,,,,,,,,,,,,,,
B07J6FPWK6,,,,,,,,,,,,,,
B08F1C9W6W,,,,,,,,,,,,,,
B07H7XJM1X,,,,,,,,,,,,,,
B082L4WZ8F,,,,,,,,,,,,,,
B01ACI1G3Y,,,,,,,,,,,,,,
B01ACI2WW8,,,,,,,,,,,,,,
B07HK3BNQG,,,,,,,,,,,,,,
B07HK3BV94,,,,,,,,,,,,,,
B07HK4NDFG,,,,,,,,,,,,,,
B07HK5D7GC,,,,,,,,,,,,,,
B07HK6WKZ2,,,,,,,,,,,,,,
B07HK7C3VC,,,,,,,,,,,,,,
B07HK84GWJ,,,,,,,,,,,,,,
B07HK89GGR,,,,,,,,,,,,,,
B07HK8K3VY,,,,,,,,,,,,,,
B07HK8K65W,,,,,,,,,,,,,,
B07HK922X5,,,,,,,,,,,,,,
B07HKC7QBZ,,,,,,,,,,,,,,
B07HKCCV86,,,,,,,,,,,,,,
B07H7VJ937,,,,,,,,,,,,,,
B01BF9BPV2,,,,,,,,,,,,,,
B082L3PY8R,,,,,,,,,,,,,,
B08F1BDXNS,,,,,,,,,,,,,,
B082L3J8KS,,,,,,,,,,,,,,
B018VNSNWE,,,,,,,,,,,,,,
B07RRLSQ2R,,,,,,,,,,,,,,
B07RNH96NR,,,,,,,,,,,,,,
B07RRLRL9Z,,,,,,,,,,,,,,
B082L3G93J,,,,,,,,,,,,,,
B082L3J7B1,,,,,,,,,,,,,,
B01ACI1N9Q,,,,,,,,,,,,,,
B01ACI338U,,,,,,,,,,,,,,
B07HK4F7VN,,,,,,,,,,,,,,
B07HK4LZ8L,,,,,,,,,,,,,,
B07HK4SFFG,,,,,,,,,,,,,,
B07HK5WT25,,,,,,,,,,,,,,
B07HK6KXJK,,,,,,,,,,,,,,
B07HK6XQLX,,,,,,,,,,,,,,
B07HK72MB2,,,,,,,,,,,,,,
B07HK7FT26,,,,,,,,,,,,,,
B07HK7JJ1J,,,,,,,,,,,,,,
B07HK81WYW,,,,,,,,,,,,,,
B07HKBQ7YN,,,,,,,,,,,,,,
B07J6FLYY8,,,,,,,,,,,,,,
B07J6H9MJR,,,,,,,,,,,,,,
B07HK3ZY5Y,,,,,,,,,,,,,,
B07HK4YWB1,,,,,,,,,,,,,,
B07HK8CN6S,,,,,,,,,,,,,,
B07HK8MV8S,,,,,,,,,,,,,,
B07HKLMPY1,,,,,,,,,,,,,,
B07H7XHGNX,,,,,,,,,,,,,,
B082L3HNMN,,,,,,,,,,,,,,
B01ACI1LEI,,,,,,,,,,,,,,
B01ACI31LY,,,,,,,,,,,,,,
B07HK1DXKJ,,,,,,,,,,,,,,
B07HK2XMVW,,,,,,,,,,,,,,
B07HK37S1Q,,,,,,,,,,,,,,
B07HK45VJ5,,,,,,,,,,,,,,
B07HK61WBG,,,,,,,,,,,,,,
B07HK62Y3N,,,,,,,,,,,,,,
B07HK6D8J7,,,,,,,,,,,,,,
B07HK6FS4Z,,,,,,,,,,,,,,
B07HK6R4DM,,,,,,,,,,,,,,
B07HK7V9Y2,,,,,,,,,,,,,,
B07HK924K5,,,,,,,,,,,,,,
B07HK9VH7M,,,,,,,,,,,,,,
B07HKDPT9Z,,,,,,,,,,,,,,
B086Q6GP25,,,,,,,,,,,,,,
B07RRLSJ2J,,,,,,,,,,,,,,
B07XY812Z1,,,,,,,,,,,,,,
B086Q5NT5D,,,,,,,,,,,,,,
B086LK5Z8J,,,,,,,,,,,,,,
B07H7WTVKX,,,,,,,,,,,,,,
B07HK48TXB,,,,,,,,,,,,,,
B07HK69P47,,,,,,,,,,,,,,
B07HK6MF6P,,,,,,,,,,,,,,
B07HK6NRW2,,,,,,,,,,,,,,
B07HK7VCSR,,,,,,,,,,,,,,
B07HK7YZYB,,,,,,,,,,,,,,
B07HKC6JCS,,,,,,,,,,,,,,
B07HKCC6Y3,,,,,,,,,,,,,,
B07J6GLSR6,,,,,,,,,,,,,,
B07J6HNLZM,,,,,,,,,,,,,,
B01ACI1JP4,,,,,,,,,,,,,,
B01ACI300Q,,,,,,,,,,,,,,
B07HK3R9G5,,,,,,,,,,,,,,
B07HK4FV5Z,,,,,,,,,,,,,,
B07HK61M65,,,,,,,,,,,,,,
B07HK67F2K,,,,,,,,,,,,,,
B07HK6DKYD,,,,,,,,,,,,,,
B07HK7SW8J,,,,,,,,,,,,,,
B07HK8DPV7,,,,,,,,,,,,,,
B07HK8JXDK,,,,,,,,,,,,,,
B07HKC613S,,,,,,,,,,,,,,
B07HKCCWDF,,,,,,,,,,,,,,
B07HKCCWVW,,,,,,,,,,,,,,
B07HKMZ4K9,,,,,,,,,,,,,,
B07J6HGS1S,,,,,,,,,,,,,,
B07H7VM4PF,,,,,,,,,,,,,,
B082L37QMS,,,,,,,,,,,,,,
B07RNH8CNZ,,,,,,,,,,,,,,
B082L445NW,,,,,,,,,,,,,,
B086LJ9V17,,,,,,,,,,,,,,
B07H7VWBTT,,,,,,,,,,,,,,
B07H7W6YCF,,,,,,,,,,,,,,
B07RNH8G9D,,,,,,,,,,,,,,
B01A241P5M,,,,,,,,,,,,,,
B07HK3BNRY,,,,,,,,,,,,,,
B07HK4K3Z7,,,,,,,,,,,,,,
B07HK4T6XX,,,,,,,,,,,,,,
B07HK647JG,,,,,,,,,,,,,,
B07HK69P58,,,,,,,,,,,,,,
B07HK6JQZD,,,,,,,,,,,,,,
B07HK6SFWG,,,,,,,,,,,,,,
B07HK76JJV,,,,,,,,,,,,,,
B07HK7SW88,,,,,,,,,,,,,,
B07HK83X23,,,,,,,,,,,,,,
B07HK8W8H2,,,,,,,,,,,,,,
B07HK922Q8,,,,,,,,,,,,,,
B07HK9Z323,,,,,,,,,,,,,,
B07HKCBPCT,,,,,,,,,,,,,,
B07J6FM9M7,,,,,,,,,,,,,,
B07RNH91L3,,,,,,,,,,,,,,
B082L3XXJP,,,,,,,,,,,,,,
B07RRLRZFR,,,,,,,,,,,,,,
B07H7WF1F2,,,,,,,,,,,,,,
B01ACI1E8Q,,,,,,,,,,,,,,
B01ACI2UYI,,,,,,,,,,,,,,
B07HK48BS3,,,,,,,,,,,,,,
B07HK48BS7,,,,,,,,,,,,,,
B07HK4NHFJ,,,,,,,,,,,,,,
B07HK592MY,,,,,,,,,,,,,,
B07HK5QFKY,,,,,,,,,,,,,,
B07HK6NPV8,,,,,,,,,,,,,,
B07HK78DWR,,,,,,,,,,,,,,
B07HKBLKPT,,,,,,,,,,,,,,
B07HKFFJLF,,,,,,,,,,,,,,
B07HKG266B,,,,,,,,,,,,,,
B07HKKRX2T,,,,,,,,,,,,,,
B07HKMTBKW,,,,,,,,,,,,,,
B07J6F4SFZ,,,,,,,,,,,,,,
B086LJ2KK9,,,,,,,,,,,,,,
B082L2ZYXH,,,,,,,,,,,,,,
B07H7X5TFV,,,,,,,,,,,,,,
B018VNSH7U,,,,,,,,,,,,,,
B086Q7J19Z,,,,,,,,,,,,,,
B082L46NJP,,,,,,,,,,,,,,
B07H7VMQ6G,,,,,,,,,,,,,,
B07H7VZF64,,,,,,,,,,,,,,
B086LJSZ9T,,,,,,,,,,,,,,
B01ACI1CNI,,,,,,,,,,,,,,
B01ACI2TF8,,,,,,,,,,,,,,
B07HK3872S,,,,,,,,,,,,,,
B07HK3BV9F,,,,,,,,,,,,,,
B07HK4FWP4,,,,,,,,,,,,,,
B07HK5FQHK,,,,,,,,,,,,,,
B07HK7F381,,,,,,,,,,,,,,
B07HK835H7,,,,,,,,,,,,,,
B07HK8J89Z,,,,,,,,,,,,,,
B07HK8M4QY,,,,,,,,,,,,,,
B07HK8RNC9,,,,,,,,,,,,,,
B07HK9V4JR,,,,,,,,,,,,,,
B07HK9ZYKC,,,,,,,,,,,,,,
B07HKC6CJP,,,,,,,,,,,,,,
B07J6F2FWK,,,,,,,,,,,,,,
B018VNSB5S,,,,,,,,,,,,,,
B082L3S3DT,,,,,,,,,,,,,,
B082L3LFJG,,,,,,,,,,,,,,
B07H7WSJJV,,,,,,,,,,,,,,
B07RNHBCRN,,,,,,,,,,,,,,
B086Q6SPZS,,,,,,,,,,,,,,
B07H84J5Q4,,,,,,,,,,,,,,
B018VNS4XW,,,,,,,,,,,,,,
B07RPK1YVJ,,,,,,,,,,,,,,
B01BF9BLTI,,,,,,,,,,,,,,
B086Q6CMLY,,,,,,,,,,,,,,
B08F1BS64Y,,,,,,,,,,,,,,
B07RNH9Q4N,,,,,,,,,,,,,,
B07RRLSXYT,,,,,,,,,,,,,,
B086LK1ZGD,,,,,,,,,,,,,,
B082L44R8J,,,,,,,,,,,,,,
B07H7WWMN6,,,,,,,,,,,,,,
B086T5K1BH,,,,,,,,,,,,,,
B01A241MM8,,,,,,,,,,,,,,
B07H84J5Q8,,,,,,,,,,,,,,
B07H7WSZFG,,,,,,,,,,,,,,
B082L3ZG7L,,,,,,,,,,,,,,
B086Q4X1YY,,,,,,,,,,,,,,
B07RPK27ZL,,,,,,,,,,,,,,
B07XY7KJG4,,,,,,,,,,,,,,
B018VNRYU6,,,,,,,,,,,,,,
B07H7WHFTK,,,,,,,,,,,,,,
B082L3F961,,,,,,,,,,,,,,
B07RRLSNX3,,,,,,,,,,,,,,
B07RNH9VZN,,,,,,,,,,,,,,
B07RRLRPNP,,,,,,,,,,,,,,
B07H7WX28V,,,,,,,,,,,,,,
B07RPK23BD,,,,,,,,,,,,,,
B01N6IBO3K,,,,,,,,,,,,,,
B086Q6C91S,,,,,,,,,,,,,,
B082L44PBP,,,,,,,,,,,,,,
B01ACI1AX0,,,,,,,,,,,,,,
B01ACI2S3Q,,,,,,,,,,,,,,
B07HK43M5P,,,,,,,,,,,,,,
B07HK45FVS,,,,,,,,,,,,,,
B07HK63ZBM,,,,,,,,,,,,,,
B07HK6FLN2,,,,,,,,,,,,,,
B07HK6XZFN,,,,,,,,,,,,,,
B07HK794DG,,,,,,,,,,,,,,
B07HK7XRRW,,,,,,,,,,,,,,
B07HK8MYTT,,,,,,,,,,,,,,
B07HK8R5LS,,,,,,,,,,,,,,
B07HK9RBRN,,,,,,,,,,,,,,
B07HKCP1N9,,,,,,,,,,,,,,
B07J6GWYFL,,,,,,,,,,,,,,
B07J6HHN4Q,,,,,,,,,,,,,,
B086LJ659L,,,,,,,,,,,,,,
B07H7V75PP,,,,,,,,,,,,,,
B07H7WPGX9,,,,,,,,,,,,,,
B07H7Y5NJ7,,,,,,,,,,,,,,
B082L3QF7F,,,,,,,,,,,,,,
B01ACI191S,,,,,,,,,,,,,,
B01ACI2QJC,,,,,,,,,,,,,,
B07HK3XMSX,,,,,,,,,,,,,,
B07HK4RPJL,,,,,,,,,,,,,,
B07HK66PS4,,,,,,,,,,,,,,
B07HK6J7LR,,,,,,,,,,,,,,
B07HK6J7MG,,,,,,,,,,,,,,
B07HK6RG54,,,,,,,,,,,,,,
B07HK79NKS,,,,,,,,,,,,,,
B07HK7FCL5,,,,,,,,,,,,,,
B07HK8FKVG,,,,,,,,,,,,,,
B07HKCCWWD,,,,,,,,,,,,,,
B07J6FPWJR,,,,,,,,,,,,,,
B07J6GLSQL,,,,,,,,,,,,,,
B07J6GYBZ1,,,,,,,,,,,,,,
B08F14XXFF,,,,,,,,,,,,,,
B07RNH8ST8,,,,,,,,,,,,,,
B086Q6TC3L,,,,,,,,,,,,,,
B07H7XCG48,,,,,,,,,,,,,,
B07H7VBXMV,,,,,,,,,,,,,,
B082L39W3L,,,,,,,,,,,,,,
B01MXZP9U7,,,,,,,,,,,,,,
B082L2YMMG,,,,,,,,,,,,,,
B01ACI177Y,,,,,,,,,,,,,,
B01ACI2OSA,,,,,,,,,,,,,,
B07HK272BD,,,,,,,,,,,,,,
B07HK5PTBG,,,,,,,,,,,,,,
B07HK5XTCT,,,,,,,,,,,,,,
B07HK69X7M,,,,,,,,,,,,,,
B07HK6BCG1,,,,,,,,,,,,,,
B07HK6FG53,,,,,,,,,,,,,,
B07HK766PC,,,,,,,,,,,,,,
B07HK81W1D,,,,,,,,,,,,,,
B07HK83X3V,,,,,,,,,,,,,,
B07HK97WZL,,,,,,,,,,,,,,
B07HKCKFXV,,,,,,,,,,,,,,
B07HKKGGSM,,,,,,,,,,,,,,
B07J6H7521,,,,,,,,,,,,,,
B07RQHGX7J,,,,,,,,,,,,,,
B086T5DTDW,,,,,,,,,,,,,,
B07RPK38B6,,,,,,,,,,,,,,
B07H7X4HL2,,,,,,,,,,,,,,
B07RQHHKWR,,,,,,,,,,,,,,
B082L24YN3,,,,,,,,,,,,,,
B086LJQVSH,,,,,,,,,,,,,,
B018VNRSDE,,,,,,,,,,,,,,
B07RTT7SC4,,,,,,,,,,,,,,
B07RRLSMY7,,,,,,,,,,,,,,
B082L46FL6,,,,,,,,,,,,,,
B086Q6R3CH,,,,,,,,,,,,,,
B082L2Z17Y,,,,,,,,,,,,,,
B01N2VEDUD,,,,,,,,,,,,,,
B07H7VSLHK,,,,,,,,,,,,,,
B07H7WKYKD,,,,,,,,,,,,,,
B018VNRLKE,,,,,,,,,,,,,,
B01NAKNC1E,,,,,,,,,,,,,,
B07H7XN8Q2,,,,,,,,,,,,,,
B086T5B7ZN,,,,,,,,,,,,,,
B07H7WTCJ8,,,,,,,,,,,,,,
B082L3NL2L,,,,,,,,,,,,,,
B07RVHVLC9,,,,,,,,,,,,,,
B018VNRF9G,,,,,,,,,,,,,,
B07H7W5WJ1,,,,,,,,,,,,,,
B07RQHHMQK,,,,,,,,,,,,,,
B082L3M1WN,,,,,,,,,,,,,,
B07RNH9678,,,,,,,,,,,,,,
B01MQXH9XV,,,,,,,,,,,,,,
B07H7WD89F,,,,,,,,,,,,,,
B07RSNRZZL,,,,,,,,,,,,,,
B086LJNCB3,,,,,,,,,,,,,,
B086Q64STQ,,,,,,,,,,,,,,
B07RNH8X2B,,,,,,,,,,,,,,
B086LJ1S6N,,,,,,,,,,,,,,
B082L3982T,,,,,,,,,,,,,,
B086Q73HL7,,,,,,,,,,,,,,
B086Q5K8JQ,,,,,,,,,,,,,,
B01N6IBNSB,,,,,,,,,,,,,,
B07H7VV9F5,,,,,,,,,,,,,,
B086LJGZ6Z,,,,,,,,,,,,,,
B01MXZP9Y3,,,,,,,,,,,,,,
B086Q54BFH,,,,,,,,,,,,,,
B01NCN4NBO,,,,,,,,,,,,,,
B08DZY612Z,,,,,,,,,,,,,,
B082L3YGBM,,,,,,,,,,,,,,
B086SNWDVS,,,,,,,,,,,,,,
B07H7XFF5H,,,,,,,,,,,,,,
B07RQHJYXT,,,,,,,,,,,,,,
B07RQHJGK2,,,,,,,,,,,,,,
B086LJFY7W,,,,,,,,,,,,,,
B01NAKN7UV,,,,,,,,,,,,,,
B082L42BG9,,,,,,,,,,,,,,
B082L3Z49W,,,,,,,,,,,,,,
B07RPK15SM,,,,,,,,,,,,,,
B01N2VEE95,,,,,,,,,,,,,,
B086Q6VC3P,,,,,,,,,,,,,,
B07RSNQMSB,,,,,,,,,,,,,,
B086T5DFT4,,,,,,,,,,,,,,
B086LJWCJ6,,,,,,,,,,,,,,
B01N5GVGJU,,,,,,,,,,,,,,
B082L3CGL9,,,,,,,,,,,,,,
B07RNH8TYC,,,,,,,,,,,,,,
B01N6IBOFL,,,,,,,,,,,,,,
B086Q4QP52,,,,,,,,,,,,,,
B086LJ3RDK,,,,,,,,,,,,,,
B07RTTXD25,,,,,,,,,,,,,,
B082L38FVZ,,,,,,,,,,,,,,
B07RNHB7BW,,,,,,,,,,,,,,
B082L3G3TP,,,,,,,,,,,,,,
B07H7WS68N,,,,,,,,,,,,,,
B082L45WLH,,,,,,,,,,,,,,
B01MU243PR,,,,,,,,,,,,,,
B01MT0JOH7,,,,,,,,,,,,,,
B07RNH9TQP,,,,,,,,,,,,,,
B08F1FRXHW,,,,,,,,,,,,,,
B086LJW5KJ,,,,,,,,,,,,,,
B01N7JNUQQ,,,,,,,,,,,,,,
B086Q67RZP,,,,,,,,,,,,,,
B07H7VZTRY,,,,,,,,,,,,,,
B082L2YV4C,,,,,,,,,,,,,,
B07H7VSC5S,,,,,,,,,,,,,,
B07RNHB2FV,,,,,,,,,,,,,,
B082L497PW,,,,,,,,,,,,,,
B01MXZP9LJ,,,,,,,,,,,,,,
B07RRLS4FD,,,,,,,,,,,,,,
B086LJMXPL,,,,,,,,,,,,,,
B01N1TSB7B,,,,,,,,,,,,,,
B07RNHBCFB,,,,,,,,,,,,,,
B07RNH8Z4K,,,,,,,,,,,,,,
B086Q6SQD7,,,,,,,,,,,,,,
B01NAKLX7S,,,,,,,,,,,,,,
B086Q7DG5W,,,,,,,,,,,,,,
B086Q7BWQP,,,,,,,,,,,,,,
B07RTQ6DQ9,,,,,,,,,,,,,,
B01MZ18VGW,,,,,,,,,,,,,,
B07RPK1NN1,,,,,,,,,,,,,,
B086Q5WS4Q,,,,,,,,,,,,,,
B01MU243GU,,,,,,,,,,,,,,
B07H7XPKJR,,,,,,,,,,,,,,
B086Q77BF9,,,,,,,,,,,,,,
B07RPK38QV,,,,,,,,,,,,,,
B07RNHB5DP,,,,,,,,,,,,,,
B07H7WVTMM,,,,,,,,,,,,,,
B086LJNWG7,,,,,,,,,,,,,,
B07RNH8ZZZ,,,,,,,,,,,,,,
B086Q6YVHZ,,,,,,,,,,,,,,
B01MT0JPXZ,,,,,,,,,,,,,,
B07H7WNY5L,,,,,,,,,,,,,,
B07H7Y87L5,,,,,,,,,,,,,,
B086Q66763,,,,,,,,,,,,,,
B07RSNQSG2,,,,,,,,,,,,,,
B07H7Y2FQ5,,,,,,,,,,,,,,
B07H84J5PX,,,,,,,,,,,,,,
B07RRLQLRG,,,,,,,,,,,,,,
B086Q5S45L,,,,,,,,,,,,,,
B07RPK2KLG,,,,,,,,,,,,,,
B086Q4W1KV,,,,,,,,,,,,,,
B08TVZCLYG,,,,,,,,,,,,,,
B08TVZJRRR,,,,,,,,,,,,,,
B08TVYGCVV,,,,,,,,,,,,,,
B08TVZ18HV,,,,,,,,,,,,,,
B08TVYSGXD,,,,,,,,,,,,,,
B08TVYS1G6,,,,,,,,,,,,,,
B08TVZRMV7,,,,,,,,,,,,,,
B08TVYHQKC,,,,,,,,,,,,,,
B08TW1M263,,,,,,,,,,,,,,
B08TVZVH5G,,,,,,,,,,,,,,
B08TVYHB4Z,,,,,,,,,,,,,,